code,market,dt,open,high,low,close,volume,amount,open_interest
601006.SH,stock,2022-01-04,4.98,5.035,4.965,5.027,40791805.0,262652631.0,0.0
601006.SH,stock,2022-01-05,5.027,5.082,5.004,5.027,43326702.0,280701137.0,0.0
601006.SH,stock,2022-01-06,5.019,5.05,5.004,5.019,22685546.0,146341487.0,0.0
601006.SH,stock,2022-01-07,5.019,5.097,5.011,5.066,36561252.0,238105075.0,0.0
601006.SH,stock,2022-01-10,5.089,5.097,5.066,5.089,24681119.0,161242033.0,0.0
601006.SH,stock,2022-01-11,5.097,5.144,5.066,5.12,35440948.0,232999788.0,0.0
601006.SH,stock,2022-01-12,5.113,5.128,5.074,5.105,25408006.0,166606794.0,0.0
601006.SH,stock,2022-01-13,5.105,5.152,5.066,5.074,21210500.0,139043391.0,0.0
601006.SH,stock,2022-01-14,5.089,5.097,5.011,5.019,29782844.0,192813022.0,0.0
601006.SH,stock,2022-01-17,5.019,5.05,5.004,5.011,19649740.0,126938823.0,0.0
601006.SH,stock,2022-01-18,5.027,5.089,5.011,5.074,43121666.0,280262886.0,0.0
601006.SH,stock,2022-01-19,5.074,5.159,5.066,5.12,39714898.0,261258276.0,0.0
601006.SH,stock,2022-01-20,5.144,5.144,5.097,5.128,35374497.0,233130148.0,0.0
601006.SH,stock,2022-01-21,5.128,5.206,5.082,5.175,64224172.0,425872515.0,0.0
601006.SH,stock,2022-01-24,5.159,5.175,5.058,5.113,35394046.0,232942965.0,0.0
601006.SH,stock,2022-01-25,5.097,5.136,5.066,5.074,38662147.0,253407706.0,0.0
601006.SH,stock,2022-01-26,5.089,5.128,5.043,5.089,24601266.0,160674555.0,0.0
601006.SH,stock,2022-01-27,5.105,5.136,5.074,5.089,33670432.0,221016468.0,0.0
601006.SH,stock,2022-01-28,5.097,5.19,5.089,5.144,45194286.0,298826723.0,0.0
601006.SH,stock,2022-02-07,5.152,5.292,5.152,5.261,77184475.0,519447102.0,0.0
601006.SH,stock,2022-02-08,5.253,5.525,5.237,5.517,162577802.0,1135022496.0,0.0
601006.SH,stock,2022-02-09,5.525,5.548,5.416,5.432,75443030.0,530403787.0,0.0
601006.SH,stock,2022-02-10,5.408,5.634,5.377,5.58,133973926.0,955332844.0,0.0
601006.SH,stock,2022-02-11,5.564,5.642,5.525,5.556,79963492.0,574265056.0,0.0
601006.SH,stock,2022-02-14,5.525,5.572,5.408,5.486,72833164.0,513696114.0,0.0
601006.SH,stock,2022-02-15,5.463,5.51,5.432,5.463,59605238.0,418946884.0,0.0
601006.SH,stock,2022-02-16,5.471,5.517,5.401,5.447,48059274.0,336448895.0,0.0
601006.SH,stock,2022-02-17,5.447,5.463,5.354,5.377,52522121.0,364112605.0,0.0
601006.SH,stock,2022-02-18,5.377,5.494,5.346,5.486,69406064.0,483432025.0,0.0
601006.SH,stock,2022-02-21,5.486,5.486,5.393,5.416,37621907.0,262231025.0,0.0
601006.SH,stock,2022-02-22,5.401,5.416,5.362,5.408,29983268.0,207732473.0,0.0
601006.SH,stock,2022-02-23,5.432,5.432,5.276,5.338,72263351.0,494913222.0,0.0
601006.SH,stock,2022-02-24,5.323,5.346,5.229,5.261,55604537.0,377273055.0,0.0
601006.SH,stock,2022-02-25,5.284,5.346,5.276,5.323,38706586.0,264111126.0,0.0
601006.SH,stock,2022-02-28,5.323,5.338,5.245,5.299,112300167.0,763781091.0,0.0
601006.SH,stock,2022-03-01,5.284,5.307,5.253,5.299,34819511.0,236248931.0,0.0
601006.SH,stock,2022-03-02,5.284,5.385,5.268,5.362,40064172.0,275070852.0,0.0
601006.SH,stock,2022-03-03,5.377,5.463,5.346,5.447,48677036.0,339490244.0,0.0
601006.SH,stock,2022-03-04,5.408,5.471,5.369,5.447,45368108.0,316070264.0,0.0
601006.SH,stock,2022-03-07,5.408,5.478,5.362,5.385,37376038.0,259549500.0,0.0
601006.SH,stock,2022-03-08,5.385,5.393,5.253,5.284,34408603.0,234653084.0,0.0
601006.SH,stock,2022-03-09,5.299,5.331,5.043,5.198,62138667.0,413933525.0,0.0
601006.SH,stock,2022-03-10,5.276,5.369,5.222,5.284,58285534.0,397129988.0,0.0
601006.SH,stock,2022-03-11,5.261,5.315,5.144,5.284,39784077.0,267091809.0,0.0
601006.SH,stock,2022-03-14,5.229,5.362,5.183,5.206,47756238.0,323379191.0,0.0
601006.SH,stock,2022-03-15,5.183,5.19,4.91,4.941,89201166.0,574940349.0,0.0
601006.SH,stock,2022-03-16,4.988,5.175,4.887,5.12,79354142.0,512953739.0,0.0
601006.SH,stock,2022-03-17,5.128,5.159,5.027,5.035,61774868.0,403037319.0,0.0
601006.SH,stock,2022-03-18,5.035,5.183,5.019,5.183,71680960.0,472919468.0,0.0
601006.SH,stock,2022-03-21,5.136,5.159,5.066,5.128,43842678.0,287947431.0,0.0
601006.SH,stock,2022-03-22,5.183,5.253,5.144,5.183,38013237.0,253614442.0,0.0
601006.SH,stock,2022-03-23,5.152,5.183,5.097,5.144,29648371.0,195729317.0,0.0
601006.SH,stock,2022-03-24,5.136,5.206,5.113,5.159,31430581.0,208972482.0,0.0
601006.SH,stock,2022-03-25,5.136,5.19,5.128,5.144,22085241.0,146490559.0,0.0
601006.SH,stock,2022-03-28,5.128,5.222,5.074,5.214,45465378.0,301447012.0,0.0
601006.SH,stock,2022-03-29,5.198,5.323,5.167,5.284,56186890.0,379401146.0,0.0
601006.SH,stock,2022-03-30,5.276,5.331,5.253,5.276,36267214.0,246719043.0,0.0
601006.SH,stock,2022-03-31,5.284,5.362,5.268,5.346,42350154.0,289983312.0,0.0
601006.SH,stock,2022-04-01,5.323,5.385,5.307,5.354,33325941.0,228908634.0,0.0
601006.SH,stock,2022-04-06,5.346,5.408,5.346,5.408,40638311.0,281259928.0,0.0
601006.SH,stock,2022-04-07,5.401,5.424,5.307,5.315,33408665.0,229974573.0,0.0
601006.SH,stock,2022-04-08,5.315,5.385,5.292,5.369,36568912.0,251051658.0,0.0
601006.SH,stock,2022-04-11,5.369,5.439,5.323,5.362,67027757.0,464277284.0,0.0
601006.SH,stock,2022-04-12,5.331,5.424,5.299,5.408,41765170.0,287962933.0,0.0
601006.SH,stock,2022-04-13,5.377,5.455,5.369,5.393,45425786.0,316066675.0,0.0
601006.SH,stock,2022-04-14,5.377,5.393,5.284,5.307,53940990.0,368770396.0,0.0
601006.SH,stock,2022-04-15,5.261,5.315,5.229,5.261,56289834.0,381440728.0,0.0
601006.SH,stock,2022-04-18,5.276,5.346,5.206,5.307,35957580.0,244815145.0,0.0
601006.SH,stock,2022-04-19,5.292,5.447,5.276,5.439,60358629.0,418947661.0,0.0
601006.SH,stock,2022-04-20,5.463,5.494,5.377,5.393,47419261.0,331171173.0,0.0
601006.SH,stock,2022-04-21,5.393,5.447,5.354,5.385,50891670.0,352985732.0,0.0
601006.SH,stock,2022-04-22,5.369,5.478,5.346,5.447,48757556.0,341203232.0,0.0
601006.SH,stock,2022-04-25,5.432,5.51,5.377,5.385,70332921.0,492980841.0,0.0
601006.SH,stock,2022-04-26,5.354,5.439,5.292,5.307,46892044.0,323178261.0,0.0
601006.SH,stock,2022-04-27,5.284,5.393,5.245,5.393,58076811.0,397364010.0,0.0
601006.SH,stock,2022-04-28,5.307,5.346,5.128,5.292,70254191.0,471636935.0,0.0
601006.SH,stock,2022-04-29,5.253,5.276,5.175,5.183,54836896.0,366997979.0,0.0
601006.SH,stock,2022-05-05,5.206,5.237,5.12,5.128,52886319.0,350394703.0,0.0
601006.SH,stock,2022-05-06,5.097,5.12,5.019,5.058,41874163.0,272319275.0,0.0
601006.SH,stock,2022-05-09,5.058,5.128,5.027,5.12,21861373.0,143087763.0,0.0
601006.SH,stock,2022-05-10,5.082,5.12,5.027,5.074,39765566.0,259004250.0,0.0
601006.SH,stock,2022-05-11,5.074,5.113,5.066,5.082,32595827.0,212887087.0,0.0
601006.SH,stock,2022-05-12,5.066,5.089,5.05,5.066,30204489.0,196615848.0,0.0
601006.SH,stock,2022-05-13,5.082,5.128,5.066,5.12,34439800.0,226001887.0,0.0
601006.SH,stock,2022-05-16,5.113,5.128,5.074,5.097,20957190.0,137243771.0,0.0
601006.SH,stock,2022-05-17,5.097,5.12,5.082,5.082,16533338.0,108214693.0,0.0
601006.SH,stock,2022-05-18,5.097,5.105,5.043,5.058,32616272.0,212339168.0,0.0
601006.SH,stock,2022-05-19,5.027,5.066,5.011,5.05,36749021.0,237925792.0,0.0
601006.SH,stock,2022-05-20,5.043,5.128,5.043,5.113,30478932.0,199736899.0,0.0
601006.SH,stock,2022-05-23,5.113,5.136,5.105,5.128,25208262.0,165801070.0,0.0
601006.SH,stock,2022-05-24,5.136,5.144,5.089,5.097,28757222.0,188995822.0,0.0
601006.SH,stock,2022-05-25,5.097,5.183,5.089,5.175,31262312.0,207130560.0,0.0
601006.SH,stock,2022-05-26,5.19,5.261,5.183,5.245,39777781.0,266610082.0,0.0
601006.SH,stock,2022-05-27,5.253,5.276,5.214,5.261,28804382.0,194035270.0,0.0
601006.SH,stock,2022-05-30,5.268,5.307,5.198,5.222,24393971.0,164144860.0,0.0
601006.SH,stock,2022-05-31,5.222,5.276,5.198,5.222,29386524.0,197578061.0,0.0
601006.SH,stock,2022-06-01,5.206,5.245,5.183,5.206,31200987.0,208945263.0,0.0
601006.SH,stock,2022-06-02,5.206,5.229,5.183,5.19,14872783.0,99398362.0,0.0
601006.SH,stock,2022-06-06,5.183,5.19,5.113,5.144,47523434.0,313482325.0,0.0
601006.SH,stock,2022-06-07,5.136,5.167,5.12,5.136,26550206.0,175374073.0,0.0
601006.SH,stock,2022-06-08,5.144,5.214,5.128,5.206,32201265.0,213513437.0,0.0
601006.SH,stock,2022-06-09,5.198,5.253,5.19,5.245,39945238.0,268206419.0,0.0
601006.SH,stock,2022-06-10,5.214,5.245,5.19,5.222,32387078.0,217110362.0,0.0
601006.SH,stock,2022-06-13,5.206,5.214,5.136,5.152,42215480.0,279916774.0,0.0
601006.SH,stock,2022-06-14,5.152,5.198,5.128,5.19,28824516.0,190877227.0,0.0
601006.SH,stock,2022-06-15,5.19,5.276,5.175,5.222,45241847.0,304673397.0,0.0
601006.SH,stock,2022-06-16,5.222,5.237,5.152,5.152,37974523.0,252687970.0,0.0
601006.SH,stock,2022-06-17,5.144,5.183,5.136,5.175,26363193.0,174704144.0,0.0
601006.SH,stock,2022-06-20,5.167,5.183,5.105,5.12,41985303.0,276744240.0,0.0
601006.SH,stock,2022-06-21,5.136,5.159,5.12,5.136,21051662.0,139133220.0,0.0
601006.SH,stock,2022-06-22,5.136,5.152,5.113,5.113,14863941.0,97956856.0,0.0
601006.SH,stock,2022-06-23,5.113,5.128,5.097,5.128,25699076.0,168783680.0,0.0
601006.SH,stock,2022-06-24,5.136,5.136,5.089,5.105,35258833.0,231551535.0,0.0
601006.SH,stock,2022-06-27,5.113,5.12,5.089,5.097,32136630.0,210758736.0,0.0
601006.SH,stock,2022-06-28,5.097,5.113,5.066,5.105,43434930.0,284015524.0,0.0
601006.SH,stock,2022-06-29,5.105,5.144,5.097,5.12,36757406.0,241931896.0,0.0
601006.SH,stock,2022-06-30,5.136,5.159,5.113,5.128,42281966.0,278899069.0,0.0
601006.SH,stock,2022-07-01,5.144,5.152,5.128,5.144,24614298.0,162673456.0,0.0
601006.SH,stock,2022-07-04,5.152,5.175,5.136,5.175,34234776.0,226846834.0,0.0
601006.SH,stock,2022-07-05,5.175,5.222,5.167,5.198,49016384.0,327496295.0,0.0
601006.SH,stock,2022-07-06,5.198,5.206,5.128,5.159,60841275.0,403418064.0,0.0
601006.SH,stock,2022-07-07,5.159,5.185,5.084,5.084,72164793.0,439789459.0,0.0
601006.SH,stock,2022-07-08,5.109,5.117,5.075,5.084,33516615.0,203368896.0,0.0
601006.SH,stock,2022-07-11,5.084,5.092,5.067,5.067,22807935.0,138023306.0,0.0
601006.SH,stock,2022-07-12,5.075,5.126,5.067,5.101,20948904.0,127536032.0,0.0
601006.SH,stock,2022-07-13,5.101,5.143,5.092,5.109,20222428.0,123447790.0,0.0
601006.SH,stock,2022-07-14,5.126,5.134,5.084,5.117,20578404.0,125252549.0,0.0
601006.SH,stock,2022-07-15,5.117,5.126,5.05,5.05,21328912.0,129263269.0,0.0
601006.SH,stock,2022-07-18,5.075,5.101,5.059,5.084,14838591.0,89952234.0,0.0
601006.SH,stock,2022-07-19,5.084,5.101,5.075,5.084,15792547.0,95788299.0,0.0
601006.SH,stock,2022-07-20,5.101,5.101,5.084,5.101,11604665.0,70420864.0,0.0
601006.SH,stock,2022-07-21,5.092,5.101,5.05,5.059,18492692.0,111850701.0,0.0
601006.SH,stock,2022-07-22,5.067,5.084,5.059,5.075,10980944.0,66376311.0,0.0
601006.SH,stock,2022-07-25,5.092,5.092,5.059,5.067,9000832.0,54410961.0,0.0
601006.SH,stock,2022-07-26,5.067,5.101,5.059,5.075,15526136.0,94074803.0,0.0
601006.SH,stock,2022-07-27,5.084,5.101,5.067,5.067,12990235.0,78669298.0,0.0
601006.SH,stock,2022-07-28,5.075,5.084,5.059,5.067,17998519.0,108867500.0,0.0
601006.SH,stock,2022-07-29,5.075,5.092,5.059,5.075,17606185.0,106534489.0,0.0
601006.SH,stock,2022-08-01,5.067,5.075,5.05,5.05,15730845.0,94884169.0,0.0
601006.SH,stock,2022-08-02,5.05,5.059,4.992,5.008,35635008.0,212783715.0,0.0
601006.SH,stock,2022-08-03,5.025,5.117,5.008,5.075,46779165.0,283467833.0,0.0
601006.SH,stock,2022-08-04,5.084,5.109,5.059,5.109,19817819.0,120135669.0,0.0
601006.SH,stock,2022-08-05,5.109,5.134,5.075,5.126,16183725.0,98598326.0,0.0
601006.SH,stock,2022-08-08,5.126,5.134,5.092,5.101,12310611.0,74963291.0,0.0
601006.SH,stock,2022-08-09,5.101,5.185,5.092,5.176,34413731.0,211230163.0,0.0
601006.SH,stock,2022-08-10,5.185,5.185,5.126,5.151,13560226.0,83218567.0,0.0
601006.SH,stock,2022-08-11,5.159,5.185,5.143,5.176,15046999.0,92730255.0,0.0
601006.SH,stock,2022-08-12,5.185,5.226,5.168,5.218,22209643.0,137716059.0,0.0
601006.SH,stock,2022-08-15,5.201,5.243,5.185,5.218,20102647.0,124830971.0,0.0
601006.SH,stock,2022-08-16,5.218,5.243,5.193,5.193,17676834.0,109930033.0,0.0
601006.SH,stock,2022-08-17,5.21,5.243,5.185,5.226,15985707.0,99631038.0,0.0
601006.SH,stock,2022-08-18,5.235,5.243,5.193,5.218,11269080.0,69999533.0,0.0
601006.SH,stock,2022-08-19,5.218,5.294,5.21,5.252,28219874.0,176914550.0,0.0
601006.SH,stock,2022-08-22,5.252,5.302,5.243,5.26,23083244.0,145284589.0,0.0
601006.SH,stock,2022-08-23,5.268,5.294,5.235,5.285,22538960.0,141469826.0,0.0
601006.SH,stock,2022-08-24,5.268,5.302,5.235,5.243,27006611.0,169583016.0,0.0
601006.SH,stock,2022-08-25,5.252,5.352,5.243,5.336,36610691.0,232132530.0,0.0
601006.SH,stock,2022-08-26,5.344,5.361,5.31,5.336,23813960.0,151518612.0,0.0
601006.SH,stock,2022-08-29,5.319,5.369,5.302,5.361,20152446.0,128458824.0,0.0
601006.SH,stock,2022-08-30,5.369,5.428,5.352,5.411,43711078.0,281782043.0,0.0
601006.SH,stock,2022-08-31,5.403,5.453,5.386,5.411,35606311.0,230083308.0,0.0
601006.SH,stock,2022-09-01,5.428,5.52,5.411,5.487,52934298.0,346309571.0,0.0
601006.SH,stock,2022-09-02,5.495,5.503,5.394,5.453,37688698.0,244785365.0,0.0
601006.SH,stock,2022-09-05,5.461,5.562,5.436,5.537,43177811.0,283919908.0,0.0
601006.SH,stock,2022-09-06,5.545,5.57,5.495,5.554,37534586.0,248183134.0,0.0
601006.SH,stock,2022-09-07,5.554,5.57,5.512,5.554,30849712.0,203964767.0,0.0
601006.SH,stock,2022-09-08,5.554,5.596,5.512,5.596,36911466.0,244796753.0,0.0
601006.SH,stock,2022-09-09,5.587,5.629,5.57,5.604,29916971.0,199825421.0,0.0
601006.SH,stock,2022-09-13,5.604,5.671,5.587,5.654,41693629.0,280178127.0,0.0
601006.SH,stock,2022-09-14,5.629,5.646,5.587,5.621,30985526.0,207465022.0,0.0
601006.SH,stock,2022-09-15,5.621,5.738,5.621,5.738,69322739.0,471096854.0,0.0
601006.SH,stock,2022-09-16,5.738,5.747,5.562,5.596,66363229.0,445442076.0,0.0
601006.SH,stock,2022-09-19,5.579,5.679,5.512,5.671,57646305.0,385813754.0,0.0
601006.SH,stock,2022-09-20,5.688,5.696,5.621,5.654,29639789.0,199807860.0,0.0
601006.SH,stock,2022-09-21,5.671,5.721,5.612,5.688,33357304.0,225884715.0,0.0
601006.SH,stock,2022-09-22,5.671,5.688,5.621,5.671,29584860.0,199581853.0,0.0
601006.SH,stock,2022-09-23,5.663,5.763,5.663,5.679,43297132.0,294637298.0,0.0
601006.SH,stock,2022-09-26,5.654,5.721,5.57,5.596,44376788.0,297534782.0,0.0
601006.SH,stock,2022-09-27,5.596,5.679,5.503,5.646,45359352.0,303160813.0,0.0
601006.SH,stock,2022-09-28,5.646,5.688,5.604,5.646,28986132.0,195445052.0,0.0
601006.SH,stock,2022-09-29,5.663,5.696,5.57,5.604,24111159.0,161601124.0,0.0
601006.SH,stock,2022-09-30,5.596,5.688,5.587,5.679,26966146.0,181805322.0,0.0
601006.SH,stock,2022-10-10,5.621,5.721,5.621,5.629,53701910.0,363096912.0,0.0
601006.SH,stock,2022-10-11,5.629,5.688,5.587,5.663,31615211.0,212413902.0,0.0
601006.SH,stock,2022-10-12,5.663,5.696,5.612,5.671,26832134.0,181121985.0,0.0
601006.SH,stock,2022-10-13,5.671,5.688,5.596,5.621,26142771.0,175319074.0,0.0
601006.SH,stock,2022-10-14,5.654,5.671,5.604,5.612,32099189.0,215421569.0,0.0
601006.SH,stock,2022-10-17,5.621,5.83,5.612,5.747,60360329.0,412027682.0,0.0
601006.SH,stock,2022-10-18,5.763,5.914,5.747,5.872,63492082.0,443021084.0,0.0
601006.SH,stock,2022-10-19,5.881,5.881,5.78,5.797,28453659.0,197538211.0,0.0
601006.SH,stock,2022-10-20,5.797,5.83,5.688,5.696,37274185.0,254665724.0,0.0
601006.SH,stock,2022-10-21,5.688,5.822,5.688,5.755,26600284.0,182646135.0,0.0
601006.SH,stock,2022-10-24,5.789,5.789,5.562,5.579,45436649.0,305156681.0,0.0
601006.SH,stock,2022-10-25,5.562,5.621,5.52,5.579,36809028.0,244384099.0,0.0
601006.SH,stock,2022-10-26,5.57,5.612,5.461,5.537,48290163.0,318495265.0,0.0
601006.SH,stock,2022-10-27,5.512,5.57,5.487,5.562,31360283.0,206977739.0,0.0
601006.SH,stock,2022-10-28,5.528,5.554,5.436,5.453,40718664.0,266172774.0,0.0
601006.SH,stock,2022-10-31,5.453,5.487,5.336,5.377,49825545.0,320471024.0,0.0
601006.SH,stock,2022-11-01,5.344,5.445,5.336,5.419,35851024.0,230577868.0,0.0
601006.SH,stock,2022-11-02,5.419,5.537,5.403,5.495,28913102.0,189392359.0,0.0
601006.SH,stock,2022-11-03,5.487,5.528,5.461,5.52,21169808.0,138754700.0,0.0
601006.SH,stock,2022-11-04,5.537,5.579,5.503,5.545,27786751.0,183867503.0,0.0
601006.SH,stock,2022-11-07,5.537,5.554,5.495,5.528,20209614.0,132977170.0,0.0
601006.SH,stock,2022-11-08,5.537,5.545,5.478,5.528,21165081.0,139063313.0,0.0
601006.SH,stock,2022-11-09,5.503,5.562,5.478,5.487,17179827.0,112991418.0,0.0
601006.SH,stock,2022-11-10,5.487,5.562,5.436,5.545,34402423.0,226355032.0,0.0
601006.SH,stock,2022-11-11,5.579,5.587,5.52,5.554,28562358.0,189210313.0,0.0
601006.SH,stock,2022-11-14,5.545,5.604,5.537,5.579,27324316.0,181792968.0,0.0
601006.SH,stock,2022-11-15,5.545,5.554,5.445,5.478,55323074.0,361637887.0,0.0
601006.SH,stock,2022-11-16,5.487,5.537,5.478,5.503,27986134.0,184057440.0,0.0
601006.SH,stock,2022-11-17,5.478,5.528,5.453,5.461,25602308.0,167292109.0,0.0
601006.SH,stock,2022-11-18,5.478,5.487,5.436,5.436,23181500.0,150834348.0,0.0
601006.SH,stock,2022-11-21,5.436,5.461,5.377,5.394,23861110.0,153945130.0,0.0
601006.SH,stock,2022-11-22,5.394,5.579,5.386,5.562,59881356.0,393375335.0,0.0
601006.SH,stock,2022-11-23,5.562,5.663,5.528,5.612,48563407.0,324553727.0,0.0
601006.SH,stock,2022-11-24,5.612,5.646,5.562,5.612,20774475.0,138897250.0,0.0
601006.SH,stock,2022-11-25,5.612,5.721,5.604,5.705,30652316.0,207581788.0,0.0
601006.SH,stock,2022-11-28,5.688,5.696,5.587,5.671,26324657.0,176898052.0,0.0
601006.SH,stock,2022-11-29,5.671,5.738,5.663,5.721,24745334.0,168259667.0,0.0
601006.SH,stock,2022-11-30,5.696,5.763,5.688,5.747,29225971.0,199507315.0,0.0
601006.SH,stock,2022-12-01,5.747,5.78,5.679,5.688,35983968.0,245268811.0,0.0
601006.SH,stock,2022-12-02,5.671,5.721,5.646,5.679,22734807.0,153737809.0,0.0
601006.SH,stock,2022-12-05,5.73,5.814,5.721,5.789,34498632.0,237728257.0,0.0
601006.SH,stock,2022-12-06,5.789,5.805,5.747,5.789,27028942.0,186256093.0,0.0
601006.SH,stock,2022-12-07,5.789,5.83,5.73,5.763,32275465.0,222330847.0,0.0
601006.SH,stock,2022-12-08,5.747,5.78,5.705,5.747,27047018.0,185020547.0,0.0
601006.SH,stock,2022-12-09,5.738,5.747,5.596,5.671,51528563.0,347700678.0,0.0
601006.SH,stock,2022-12-12,5.638,5.679,5.612,5.629,26853620.0,180612656.0,0.0
601006.SH,stock,2022-12-13,5.646,5.671,5.612,5.629,28459992.0,191156704.0,0.0
601006.SH,stock,2022-12-14,5.638,5.705,5.587,5.671,25387281.0,171267803.0,0.0
601006.SH,stock,2022-12-15,5.671,5.696,5.545,5.554,30741801.0,204893937.0,0.0
601006.SH,stock,2022-12-16,5.537,5.646,5.537,5.646,28156703.0,188309064.0,0.0
601006.SH,stock,2022-12-19,5.646,5.646,5.512,5.528,24582886.0,163099797.0,0.0
601006.SH,stock,2022-12-20,5.537,5.57,5.461,5.487,31177698.0,204615995.0,0.0
601006.SH,stock,2022-12-21,5.487,5.621,5.487,5.587,24131052.0,160256794.0,0.0
601006.SH,stock,2022-12-22,5.587,5.629,5.495,5.52,19532349.0,129567307.0,0.0
601006.SH,stock,2022-12-23,5.512,5.562,5.495,5.512,13411314.0,88340181.0,0.0
601006.SH,stock,2022-12-26,5.512,5.537,5.47,5.47,17849700.0,116763562.0,0.0
601006.SH,stock,2022-12-27,5.512,5.579,5.495,5.52,20244997.0,133547248.0,0.0
601006.SH,stock,2022-12-28,5.528,5.579,5.495,5.562,15867796.0,104961741.0,0.0
601006.SH,stock,2022-12-29,5.537,5.562,5.495,5.52,17397282.0,114615565.0,0.0
601006.SH,stock,2022-12-30,5.537,5.612,5.537,5.604,22264988.0,148267317.0,0.0
601006.SH,stock,2023-01-03,5.604,5.654,5.537,5.554,41600862.0,276422962.0,0.0
601006.SH,stock,2023-01-04,5.562,5.596,5.545,5.562,30025120.0,199171957.0,0.0
601006.SH,stock,2023-01-05,5.587,5.596,5.545,5.554,29309656.0,194435949.0,0.0
601006.SH,stock,2023-01-06,5.554,5.562,5.495,5.52,34353226.0,226636615.0,0.0
601006.SH,stock,2023-01-09,5.52,5.537,5.495,5.495,28496162.0,187071733.0,0.0
601006.SH,stock,2023-01-10,5.495,5.512,5.478,5.478,22572511.0,147664874.0,0.0
601006.SH,stock,2023-01-11,5.478,5.528,5.47,5.52,31626655.0,207417704.0,0.0
601006.SH,stock,2023-01-12,5.503,5.52,5.487,5.512,26777609.0,175627710.0,0.0
601006.SH,stock,2023-01-13,5.512,5.612,5.512,5.604,43868104.0,292001690.0,0.0
601006.SH,stock,2023-01-16,5.612,5.629,5.562,5.596,31400035.0,209705971.0,0.0
601006.SH,stock,2023-01-17,5.596,5.604,5.562,5.587,18922305.0,125889711.0,0.0
601006.SH,stock,2023-01-18,5.587,5.604,5.554,5.579,19384816.0,128727945.0,0.0
601006.SH,stock,2023-01-19,5.57,5.587,5.562,5.587,14213080.0,94413534.0,0.0
601006.SH,stock,2023-01-20,5.587,5.621,5.57,5.621,20733889.0,138532428.0,0.0
601006.SH,stock,2023-01-30,5.638,5.654,5.587,5.596,33860850.0,226691294.0,0.0
601006.SH,stock,2023-01-31,5.596,5.638,5.587,5.621,29502746.0,197794290.0,0.0
601006.SH,stock,2023-02-01,5.621,5.638,5.604,5.621,21070411.0,141149191.0,0.0
601006.SH,stock,2023-02-02,5.621,5.638,5.604,5.612,22938692.0,153753624.0,0.0
601006.SH,stock,2023-02-03,5.612,5.621,5.57,5.579,22804800.0,151898204.0,0.0
601006.SH,stock,2023-02-06,5.57,5.604,5.545,5.579,23810903.0,158422332.0,0.0
601006.SH,stock,2023-02-07,5.579,5.604,5.57,5.596,15577544.0,103805716.0,0.0
601006.SH,stock,2023-02-08,5.612,5.638,5.587,5.604,18889363.0,126328504.0,0.0
601006.SH,stock,2023-02-09,5.596,5.621,5.587,5.604,17919684.0,119698733.0,0.0
601006.SH,stock,2023-02-10,5.604,5.629,5.596,5.612,17336206.0,115995561.0,0.0
601006.SH,stock,2023-02-13,5.629,5.629,5.596,5.621,23374709.0,156340370.0,0.0
601006.SH,stock,2023-02-14,5.629,5.646,5.612,5.629,21551861.0,144467889.0,0.0
601006.SH,stock,2023-02-15,5.629,5.638,5.596,5.612,18289973.0,122345155.0,0.0
601006.SH,stock,2023-02-16,5.612,5.638,5.562,5.579,29922518.0,200149979.0,0.0
601006.SH,stock,2023-02-17,5.579,5.612,5.57,5.579,20977375.0,139937231.0,0.0
601006.SH,stock,2023-02-20,5.596,5.646,5.579,5.646,28664119.0,192067135.0,0.0
601006.SH,stock,2023-02-21,5.654,5.73,5.638,5.705,26053888.0,176765750.0,0.0
601006.SH,stock,2023-02-22,5.705,5.713,5.679,5.696,16023948.0,108877894.0,0.0
601006.SH,stock,2023-02-23,5.705,5.73,5.671,5.688,15521281.0,105558156.0,0.0
601006.SH,stock,2023-02-24,5.705,5.705,5.663,5.679,15077311.0,102112137.0,0.0
601006.SH,stock,2023-02-27,5.679,5.73,5.671,5.721,20493902.0,139366838.0,0.0
601006.SH,stock,2023-02-28,5.721,5.73,5.696,5.696,19114598.0,130056532.0,0.0
601006.SH,stock,2023-03-01,5.721,5.797,5.705,5.78,41452216.0,285317373.0,0.0
601006.SH,stock,2023-03-02,5.78,5.864,5.763,5.839,40360930.0,280440829.0,0.0
601006.SH,stock,2023-03-03,5.856,5.94,5.822,5.923,52383804.0,368414283.0,0.0
601006.SH,stock,2023-03-06,5.923,5.998,5.914,5.931,49230649.0,349502430.0,0.0
601006.SH,stock,2023-03-07,5.931,6.2,5.923,6.015,100438353.0,729509724.0,0.0
601006.SH,stock,2023-03-08,5.998,6.099,5.965,6.074,43906651.0,316560069.0,0.0
601006.SH,stock,2023-03-09,6.107,6.166,6.082,6.116,41827760.0,305454623.0,0.0
601006.SH,stock,2023-03-10,6.091,6.099,5.956,5.965,49931542.0,358527173.0,0.0
601006.SH,stock,2023-03-13,5.998,6.107,5.981,6.099,42549576.0,306359576.0,0.0
601006.SH,stock,2023-03-14,6.082,6.174,6.065,6.065,44041084.0,320827238.0,0.0
601006.SH,stock,2023-03-15,6.074,6.149,6.032,6.116,34566245.0,251376969.0,0.0
601006.SH,stock,2023-03-16,6.116,6.174,6.091,6.132,41798428.0,306291410.0,0.0
601006.SH,stock,2023-03-17,6.149,6.233,6.132,6.174,54776141.0,403990428.0,0.0
601006.SH,stock,2023-03-20,6.191,6.325,6.149,6.191,61615506.0,458546506.0,0.0
601006.SH,stock,2023-03-21,6.174,6.225,6.082,6.099,50625628.0,370772444.0,0.0
601006.SH,stock,2023-03-22,6.124,6.183,6.082,6.124,32681452.0,238796172.0,0.0
601006.SH,stock,2023-03-23,6.124,6.158,6.057,6.141,25345439.0,184838860.0,0.0
601006.SH,stock,2023-03-24,6.116,6.191,6.091,6.107,35399922.0,258927756.0,0.0
601006.SH,stock,2023-03-27,6.124,6.124,6.023,6.065,31472857.0,227116894.0,0.0
601006.SH,stock,2023-03-28,6.082,6.099,6.023,6.04,22606735.0,163565176.0,0.0
601006.SH,stock,2023-03-29,6.032,6.074,5.99,6.007,24632834.0,176809565.0,0.0
601006.SH,stock,2023-03-30,6.023,6.065,5.973,6.023,25529108.0,182902335.0,0.0
601006.SH,stock,2023-03-31,6.057,6.091,6.015,6.032,21660931.0,156493436.0,0.0
601006.SH,stock,2023-04-03,6.04,6.107,6.023,6.057,31373581.0,227444705.0,0.0
601006.SH,stock,2023-04-04,6.074,6.141,6.049,6.124,29349167.0,213794429.0,0.0
601006.SH,stock,2023-04-06,6.124,6.132,6.065,6.091,22270463.0,161739488.0,0.0
601006.SH,stock,2023-04-07,6.091,6.091,5.99,6.015,25050629.0,179927658.0,0.0
601006.SH,stock,2023-04-10,6.04,6.04,5.948,5.965,28715572.0,204552425.0,0.0
601006.SH,stock,2023-04-11,5.99,6.007,5.931,5.973,31593165.0,224584629.0,0.0
601006.SH,stock,2023-04-12,5.981,6.183,5.965,6.174,53142033.0,387870180.0,0.0
601006.SH,stock,2023-04-13,6.183,6.2,6.132,6.166,24595431.0,180649316.0,0.0
601006.SH,stock,2023-04-14,6.191,6.275,6.107,6.25,39526590.0,292385507.0,0.0
601006.SH,stock,2023-04-17,6.25,6.443,6.225,6.418,63766084.0,485555440.0,0.0
601006.SH,stock,2023-04-18,6.426,6.46,6.351,6.409,36592005.0,279063484.0,0.0
601006.SH,stock,2023-04-19,6.401,6.443,6.359,6.376,20751793.0,158124291.0,0.0
601006.SH,stock,2023-04-20,6.384,6.409,6.292,6.384,24563329.0,186453608.0,0.0
601006.SH,stock,2023-04-21,6.401,6.502,6.334,6.342,31809839.0,243695070.0,0.0
601006.SH,stock,2023-04-24,6.367,6.435,6.334,6.351,27117960.0,206162329.0,0.0
601006.SH,stock,2023-04-25,6.359,6.443,6.351,6.401,31147249.0,237704851.0,0.0
601006.SH,stock,2023-04-26,6.384,6.418,6.292,6.359,32861887.0,249008527.0,0.0
601006.SH,stock,2023-04-27,6.367,6.51,6.359,6.493,47912022.0,368216514.0,0.0
601006.SH,stock,2023-04-28,6.51,6.518,6.409,6.46,37006925.0,285201952.0,0.0
601006.SH,stock,2023-05-04,6.468,6.753,6.418,6.678,107898256.0,854479493.0,0.0
601006.SH,stock,2023-05-05,6.644,6.737,6.544,6.644,79779746.0,631844696.0,0.0
601006.SH,stock,2023-05-08,6.644,6.888,6.644,6.77,124823018.0,1004855701.0,0.0
601006.SH,stock,2023-05-09,6.711,6.745,6.552,6.569,142920929.0,1131856164.0,0.0
601006.SH,stock,2023-05-10,6.544,6.602,6.476,6.544,68419534.0,532274556.0,0.0
601006.SH,stock,2023-05-11,6.535,6.611,6.46,6.476,51354465.0,399201612.0,0.0
601006.SH,stock,2023-05-12,6.476,6.611,6.401,6.493,73324581.0,571508331.0,0.0
601006.SH,stock,2023-05-15,6.493,6.535,6.367,6.485,50553056.0,387764834.0,0.0
601006.SH,stock,2023-05-16,6.46,6.544,6.418,6.46,46428397.0,358545945.0,0.0
601006.SH,stock,2023-05-17,6.468,6.476,6.342,6.46,48788469.0,373740723.0,0.0
601006.SH,stock,2023-05-18,6.476,6.594,6.443,6.527,51527852.0,401762650.0,0.0
601006.SH,stock,2023-05-19,6.535,6.535,6.384,6.409,47711286.0,365257331.0,0.0
601006.SH,stock,2023-05-22,6.376,6.443,6.342,6.367,46942244.0,356593596.0,0.0
601006.SH,stock,2023-05-23,6.359,6.384,6.3,6.3,33132155.0,249753281.0,0.0
601006.SH,stock,2023-05-24,6.3,6.309,6.183,6.183,40238250.0,298409645.0,0.0
601006.SH,stock,2023-05-25,6.225,6.258,6.149,6.242,31540933.0,233226448.0,0.0
601006.SH,stock,2023-05-26,6.216,6.376,6.2,6.367,28971257.0,218150331.0,0.0
601006.SH,stock,2023-05-29,6.342,6.535,6.342,6.502,55129917.0,425013981.0,0.0
601006.SH,stock,2023-05-30,6.502,6.527,6.384,6.451,32330273.0,248420634.0,0.0
601006.SH,stock,2023-05-31,6.418,6.46,6.351,6.409,35279533.0,268900733.0,0.0
601006.SH,stock,2023-06-01,6.384,6.409,6.309,6.342,37148402.0,281020649.0,0.0
601006.SH,stock,2023-06-02,6.334,6.393,6.225,6.25,57290109.0,428016045.0,0.0
601006.SH,stock,2023-06-05,6.267,6.325,6.225,6.267,30188192.0,225499329.0,0.0
601006.SH,stock,2023-06-06,6.267,6.359,6.208,6.225,33147214.0,248099748.0,0.0
601006.SH,stock,2023-06-07,6.225,6.384,6.216,6.367,32842177.0,247633759.0,0.0
601006.SH,stock,2023-06-08,6.367,6.51,6.334,6.485,49296791.0,377768639.0,0.0
601006.SH,stock,2023-06-09,6.493,6.502,6.435,6.493,26823077.0,206944038.0,0.0
601006.SH,stock,2023-06-12,6.502,6.51,6.376,6.376,29918748.0,228710463.0,0.0
601006.SH,stock,2023-06-13,6.359,6.409,6.325,6.351,25133039.0,190545186.0,0.0
601006.SH,stock,2023-06-14,6.359,6.409,6.292,6.3,25647915.0,193816355.0,0.0
601006.SH,stock,2023-06-15,6.292,6.309,6.242,6.267,30592767.0,228726138.0,0.0
601006.SH,stock,2023-06-16,6.283,6.334,6.225,6.233,39465147.0,295004838.0,0.0
601006.SH,stock,2023-06-19,6.233,6.242,6.132,6.183,46403956.0,341113103.0,0.0
601006.SH,stock,2023-06-20,6.183,6.233,6.141,6.149,29132077.0,214831606.0,0.0
601006.SH,stock,2023-06-21,6.149,6.242,6.149,6.174,25140978.0,185901513.0,0.0
601006.SH,stock,2023-06-26,6.174,6.183,6.04,6.065,44618678.0,323930132.0,0.0
601006.SH,stock,2023-06-27,6.082,6.242,6.074,6.225,33433394.0,246208875.0,0.0
601006.SH,stock,2023-06-28,6.2,6.292,6.191,6.275,23776138.0,176956375.0,0.0
601006.SH,stock,2023-06-29,6.309,6.309,6.208,6.275,23049198.0,172165022.0,0.0
601006.SH,stock,2023-06-30,6.292,6.309,6.225,6.233,28219887.0,210217503.0,0.0
601006.SH,stock,2023-07-03,6.233,6.292,6.2,6.275,26054845.0,194083793.0,0.0
601006.SH,stock,2023-07-04,6.267,6.292,6.2,6.216,20326702.0,151056069.0,0.0
601006.SH,stock,2023-07-05,6.216,6.275,6.191,6.258,22548051.0,167751293.0,0.0
601006.SH,stock,2023-07-06,6.258,6.275,6.208,6.242,17273304.0,128683961.0,0.0
601006.SH,stock,2023-07-07,6.233,6.393,6.216,6.342,39422140.0,297908242.0,0.0
601006.SH,stock,2023-07-10,6.351,6.401,6.283,6.359,33259669.0,251155744.0,0.0
601006.SH,stock,2023-07-11,6.351,6.359,6.258,6.3,29225907.0,219219904.0,0.0
601006.SH,stock,2023-07-12,6.3,6.325,6.233,6.242,33124238.0,248031615.0,0.0
601006.SH,stock,2023-07-13,6.295,6.358,6.268,6.34,37974455.0,267874831.0,0.0
601006.SH,stock,2023-07-14,6.349,6.412,6.304,6.367,33209672.0,235100528.0,0.0
601006.SH,stock,2023-07-17,6.367,6.448,6.331,6.43,27508917.0,195967336.0,0.0
601006.SH,stock,2023-07-18,6.412,6.52,6.385,6.493,38392626.0,276774251.0,0.0
601006.SH,stock,2023-07-19,6.511,6.511,6.412,6.466,23091738.0,166272740.0,0.0
601006.SH,stock,2023-07-20,6.457,6.493,6.394,6.412,32537371.0,233363534.0,0.0
601006.SH,stock,2023-07-21,6.421,6.466,6.394,6.439,25619933.0,183503332.0,0.0
601006.SH,stock,2023-07-24,6.439,6.493,6.412,6.448,25143268.0,180825490.0,0.0
601006.SH,stock,2023-07-25,6.475,6.502,6.403,6.412,39282881.0,281530704.0,0.0
601006.SH,stock,2023-07-26,6.412,6.421,6.367,6.385,23562707.0,167941082.0,0.0
601006.SH,stock,2023-07-27,6.394,6.43,6.358,6.367,37495163.0,267133043.0,0.0
601006.SH,stock,2023-07-28,6.385,6.484,6.358,6.475,39031266.0,280122168.0,0.0
601006.SH,stock,2023-07-31,6.484,6.529,6.394,6.421,46436321.0,333859308.0,0.0
601006.SH,stock,2023-08-01,6.43,6.457,6.403,6.448,32209117.0,230838325.0,0.0
601006.SH,stock,2023-08-02,6.439,6.448,6.385,6.394,30012342.0,214462862.0,0.0
601006.SH,stock,2023-08-03,6.385,6.412,6.367,6.394,23218050.0,165296559.0,0.0
601006.SH,stock,2023-08-04,6.403,6.439,6.358,6.367,30159229.0,214912822.0,0.0
601006.SH,stock,2023-08-07,6.367,6.376,6.304,6.331,31030404.0,219058480.0,0.0
601006.SH,stock,2023-08-08,6.349,6.394,6.322,6.376,19811033.0,140650431.0,0.0
601006.SH,stock,2023-08-09,6.385,6.385,6.331,6.367,17829800.0,126356676.0,0.0
601006.SH,stock,2023-08-10,6.367,6.403,6.34,6.394,19188015.0,136391037.0,0.0
601006.SH,stock,2023-08-11,6.403,6.421,6.322,6.322,27513877.0,194995808.0,0.0
601006.SH,stock,2023-08-14,6.304,6.367,6.259,6.349,32054684.0,225649316.0,0.0
601006.SH,stock,2023-08-15,6.349,6.475,6.331,6.466,56562957.0,406024235.0,0.0
601006.SH,stock,2023-08-16,6.457,6.511,6.412,6.493,43806675.0,316850290.0,0.0
601006.SH,stock,2023-08-17,6.502,6.546,6.43,6.493,54277813.0,393062163.0,0.0
601006.SH,stock,2023-08-18,6.484,6.555,6.484,6.529,36136722.0,263064156.0,0.0
601006.SH,stock,2023-08-21,6.537,6.609,6.484,6.546,70845852.0,518633155.0,0.0
601006.SH,stock,2023-08-22,6.546,6.645,6.502,6.609,82159223.0,603209220.0,0.0
601006.SH,stock,2023-08-23,6.6,6.618,6.564,6.564,57106292.0,419870484.0,0.0
601006.SH,stock,2023-08-24,6.573,6.609,6.493,6.52,53744802.0,391883794.0,0.0
601006.SH,stock,2023-08-25,6.511,6.6,6.493,6.555,40410000.0,295311292.0,0.0
601006.SH,stock,2023-08-28,6.672,6.708,6.52,6.555,78317667.0,574033614.0,0.0
601006.SH,stock,2023-08-29,6.493,6.564,6.439,6.493,80008602.0,578243986.0,0.0
601006.SH,stock,2023-08-30,6.457,6.502,6.412,6.412,43198396.0,310063988.0,0.0
601006.SH,stock,2023-08-31,6.403,6.466,6.385,6.394,47953020.0,342849585.0,0.0
601006.SH,stock,2023-09-01,6.421,6.439,6.385,6.421,41626797.0,297550941.0,0.0
601006.SH,stock,2023-09-04,6.421,6.537,6.412,6.502,45322632.0,327828476.0,0.0
601006.SH,stock,2023-09-05,6.484,6.529,6.448,6.502,31023331.0,224743017.0,0.0
601006.SH,stock,2023-09-06,6.484,6.502,6.439,6.466,21588028.0,155717602.0,0.0
601006.SH,stock,2023-09-07,6.448,6.537,6.439,6.484,37953993.0,274931077.0,0.0
601006.SH,stock,2023-09-08,6.475,6.511,6.43,6.475,27378883.0,197474001.0,0.0
601006.SH,stock,2023-09-11,6.475,6.546,6.466,6.537,50580651.0,368055911.0,0.0
601006.SH,stock,2023-09-12,6.529,6.555,6.502,6.537,28717770.0,209080332.0,0.0
601006.SH,stock,2023-09-13,6.546,6.6,6.529,6.582,44385940.0,325032358.0,0.0
601006.SH,stock,2023-09-14,6.582,6.654,6.564,6.645,71252686.0,525419368.0,0.0
601006.SH,stock,2023-09-15,6.618,6.645,6.52,6.546,68013341.0,497962054.0,0.0
601006.SH,stock,2023-09-18,6.546,6.573,6.475,6.529,44772165.0,325317149.0,0.0
601006.SH,stock,2023-09-19,6.529,6.591,6.502,6.582,53780719.0,394124199.0,0.0
601006.SH,stock,2023-09-20,6.591,6.6,6.529,6.582,51217085.0,375944519.0,0.0
601006.SH,stock,2023-09-21,6.582,6.591,6.537,6.555,37772133.0,276273980.0,0.0
601006.SH,stock,2023-09-22,6.555,6.564,6.52,6.529,46009771.0,335294924.0,0.0
601006.SH,stock,2023-09-25,6.537,6.618,6.529,6.591,71697108.0,526768446.0,0.0
601006.SH,stock,2023-09-26,6.609,6.609,6.555,6.573,44684521.0,328019433.0,0.0
601006.SH,stock,2023-09-27,6.591,6.609,6.502,6.511,46072058.0,335963377.0,0.0
601006.SH,stock,2023-09-28,6.529,6.555,6.502,6.537,23453917.0,170790403.0,0.0
601006.SH,stock,2023-10-09,6.529,6.555,6.502,6.52,33355625.0,242727703.0,0.0
601006.SH,stock,2023-10-10,6.511,6.537,6.448,6.511,54064029.0,391309714.0,0.0
601006.SH,stock,2023-10-11,6.502,6.564,6.457,6.457,46632574.0,337571544.0,0.0
601006.SH,stock,2023-10-12,6.466,6.564,6.466,6.546,47738092.0,347773757.0,0.0
601006.SH,stock,2023-10-13,6.537,6.555,6.511,6.537,28104688.0,204765996.0,0.0
601006.SH,stock,2023-10-16,6.546,6.582,6.529,6.564,31661591.0,231511306.0,0.0
601006.SH,stock,2023-10-17,6.564,6.573,6.52,6.537,38463677.0,280801266.0,0.0
601006.SH,stock,2023-10-18,6.546,6.546,6.502,6.537,25842085.0,187948796.0,0.0
601006.SH,stock,2023-10-19,6.52,6.537,6.385,6.394,76345071.0,547532046.0,0.0
601006.SH,stock,2023-10-20,6.385,6.394,6.34,6.349,40490196.0,287391053.0,0.0
601006.SH,stock,2023-10-23,6.349,6.412,6.331,6.367,37892715.0,269127296.0,0.0
601006.SH,stock,2023-10-24,6.367,6.466,6.358,6.439,50622205.0,361919706.0,0.0
601006.SH,stock,2023-10-25,6.466,6.475,6.412,6.457,37755449.0,271531297.0,0.0
601006.SH,stock,2023-10-26,6.448,6.529,6.421,6.511,66255982.0,479988629.0,0.0
601006.SH,stock,2023-10-27,6.52,6.564,6.457,6.457,55016814.0,398250913.0,0.0
601006.SH,stock,2023-10-30,6.457,6.475,6.403,6.412,49118386.0,351723741.0,0.0
601006.SH,stock,2023-10-31,6.43,6.475,6.385,6.466,36823089.0,264465058.0,0.0
601006.SH,stock,2023-11-01,6.448,6.493,6.43,6.466,35930562.0,258997778.0,0.0
601006.SH,stock,2023-11-02,6.466,6.529,6.448,6.484,40821566.0,295974028.0,0.0
601006.SH,stock,2023-11-03,6.493,6.493,6.43,6.43,49013689.0,352377746.0,0.0
601006.SH,stock,2023-11-06,6.43,6.448,6.367,6.376,60801716.0,433438389.0,0.0
601006.SH,stock,2023-11-07,6.367,6.412,6.367,6.385,30381083.0,216439550.0,0.0
601006.SH,stock,2023-11-08,6.385,6.394,6.358,6.367,28947580.0,205649296.0,0.0
601006.SH,stock,2023-11-09,6.367,6.403,6.358,6.394,30388335.0,216178074.0,0.0
601006.SH,stock,2023-11-10,6.385,6.403,6.349,6.385,28690879.0,203968061.0,0.0
601006.SH,stock,2023-11-13,6.376,6.394,6.349,6.367,40021793.0,283848715.0,0.0
601006.SH,stock,2023-11-14,6.367,6.376,6.34,6.349,31305378.0,221906978.0,0.0
601006.SH,stock,2023-11-15,6.367,6.367,6.34,6.349,24625543.0,174437594.0,0.0
601006.SH,stock,2023-11-16,6.349,6.367,6.34,6.349,34369382.0,243469163.0,0.0
601006.SH,stock,2023-11-17,6.349,6.358,6.313,6.313,52407390.0,369974047.0,0.0
601006.SH,stock,2023-11-20,6.313,6.322,6.295,6.304,41995860.0,295407835.0,0.0
601006.SH,stock,2023-11-21,6.313,6.367,6.295,6.349,39549258.0,279777531.0,0.0
601006.SH,stock,2023-11-22,6.34,6.376,6.331,6.349,23028593.0,163379994.0,0.0
601006.SH,stock,2023-11-23,6.349,6.385,6.34,6.358,23805097.0,168882098.0,0.0
601006.SH,stock,2023-11-24,6.358,6.421,6.358,6.412,36544233.0,260700359.0,0.0
601006.SH,stock,2023-11-27,6.394,6.412,6.358,6.394,24204002.0,172313155.0,0.0
601006.SH,stock,2023-11-28,6.394,6.43,6.367,6.421,31860658.0,227738718.0,0.0
601006.SH,stock,2023-11-29,6.421,6.457,6.403,6.448,39079609.0,280703814.0,0.0
601006.SH,stock,2023-11-30,6.439,6.529,6.43,6.511,59989866.0,434020276.0,0.0
601006.SH,stock,2023-12-01,6.511,6.582,6.493,6.546,71324485.0,521043915.0,0.0
601006.SH,stock,2023-12-04,6.546,6.573,6.502,6.529,58982441.0,429684946.0,0.0
601006.SH,stock,2023-12-05,6.511,6.546,6.475,6.493,57619963.0,419230082.0,0.0
601006.SH,stock,2023-12-06,6.493,6.537,6.421,6.502,57779596.0,417915181.0,0.0
601006.SH,stock,2023-12-07,6.502,6.546,6.484,6.52,45994718.0,334129419.0,0.0
601006.SH,stock,2023-12-08,6.529,6.582,6.493,6.573,76720991.0,560662508.0,0.0
601006.SH,stock,2023-12-11,6.555,6.582,6.466,6.573,76391937.0,558417264.0,0.0
601006.SH,stock,2023-12-12,6.564,6.582,6.529,6.555,66912904.0,489138075.0,0.0
601006.SH,stock,2023-12-13,6.546,6.609,6.537,6.573,68837119.0,504806660.0,0.0
601006.SH,stock,2023-12-14,6.582,6.591,6.502,6.52,51348189.0,373588728.0,0.0
601006.SH,stock,2023-12-15,6.502,6.52,6.43,6.448,81197688.0,585728578.0,0.0
601006.SH,stock,2023-12-18,6.448,6.484,6.43,6.466,49778476.0,358844214.0,0.0
601006.SH,stock,2023-12-19,6.475,6.52,6.43,6.457,44048163.0,317435807.0,0.0
601006.SH,stock,2023-12-20,6.448,6.546,6.448,6.466,57544147.0,417043199.0,0.0
601006.SH,stock,2023-12-21,6.457,6.484,6.412,6.457,60150498.0,432124946.0,0.0
601006.SH,stock,2023-12-22,6.466,6.546,6.448,6.484,80006889.0,579635815.0,0.0
601006.SH,stock,2023-12-25,6.475,6.484,6.412,6.457,51304293.0,368579078.0,0.0
601006.SH,stock,2023-12-26,6.457,6.52,6.439,6.475,55873395.0,404424809.0,0.0
601006.SH,stock,2023-12-27,6.484,6.529,6.457,6.52,45562175.0,330051250.0,0.0
601006.SH,stock,2023-12-28,6.52,6.52,6.421,6.466,114734302.0,827177111.0,0.0
601006.SH,stock,2023-12-29,6.448,6.475,6.43,6.466,67517030.0,485661161.0,0.0
601006.SH,stock,2024-01-02,6.448,6.564,6.448,6.529,100780232.0,733839297.0,0.0
601006.SH,stock,2024-01-03,6.529,6.564,6.511,6.564,75229680.0,548889711.0,0.0
601006.SH,stock,2024-01-04,6.555,6.618,6.546,6.618,112012539.0,823676164.0,0.0
601006.SH,stock,2024-01-05,6.6,6.645,6.582,6.609,139609781.0,1030845511.0,0.0
601006.SH,stock,2024-01-08,6.609,6.645,6.582,6.627,111208909.0,820977569.0,0.0
601006.SH,stock,2024-01-09,6.609,6.645,6.555,6.645,128426983.0,947244407.0,0.0
601006.SH,stock,2024-01-10,6.636,6.663,6.564,6.609,93233416.0,687146056.0,0.0
601006.SH,stock,2024-01-11,6.609,6.618,6.529,6.546,89759284.0,658234126.0,0.0
601006.SH,stock,2024-01-12,6.546,6.627,6.537,6.6,58532514.0,430755824.0,0.0
601006.SH,stock,2024-01-15,6.591,6.654,6.573,6.618,73007551.0,539728271.0,0.0
601006.SH,stock,2024-01-16,6.627,6.636,6.582,6.627,55425954.0,408506793.0,0.0
601006.SH,stock,2024-01-17,6.609,6.672,6.6,6.609,107066876.0,793258956.0,0.0
601006.SH,stock,2024-01-18,6.6,6.609,6.439,6.582,112741847.0,819312871.0,0.0
601006.SH,stock,2024-01-19,6.555,6.6,6.529,6.555,60192257.0,440648566.0,0.0
601006.SH,stock,2024-01-22,6.537,6.564,6.376,6.394,81270086.0,587266618.0,0.0
601006.SH,stock,2024-01-23,6.394,6.537,6.376,6.511,74471163.0,536668584.0,0.0
601006.SH,stock,2024-01-24,6.511,6.636,6.502,6.627,100016996.0,734230388.0,0.0
601006.SH,stock,2024-01-25,6.618,6.681,6.6,6.663,111608284.0,826452906.0,0.0
601006.SH,stock,2024-01-26,6.654,6.708,6.636,6.699,127812405.0,950912687.0,0.0
601006.SH,stock,2024-01-29,6.69,6.78,6.645,6.699,157221347.0,1175322665.0,0.0
601006.SH,stock,2024-01-30,6.663,6.708,6.618,6.618,127144568.0,945893011.0,0.0
601006.SH,stock,2024-01-31,6.609,6.717,6.6,6.699,152712104.0,1138384142.0,0.0
601006.SH,stock,2024-02-01,6.672,6.717,6.636,6.69,174605096.0,1301550170.0,0.0
601006.SH,stock,2024-02-02,6.681,6.708,6.627,6.69,200165823.0,1492964880.0,0.0
601006.SH,stock,2024-02-05,6.69,6.78,6.663,6.753,280836075.0,2101893843.0,0.0
601006.SH,stock,2024-02-06,6.717,6.833,6.699,6.717,328537294.0,2480320902.0,0.0
601006.SH,stock,2024-02-07,6.735,6.78,6.564,6.753,303806121.0,2280981077.0,0.0
601006.SH,stock,2024-02-08,6.744,6.753,6.564,6.663,214913218.0,1587985557.0,0.0
601006.SH,stock,2024-02-19,6.654,6.807,6.573,6.807,236249357.0,1774286203.0,0.0
601006.SH,stock,2024-02-20,6.78,7.013,6.771,6.977,212595840.0,1634144580.0,0.0
601006.SH,stock,2024-02-21,6.95,6.977,6.887,6.923,196901431.0,1522887064.0,0.0
601006.SH,stock,2024-02-22,6.896,6.977,6.86,6.95,161528315.0,1247074902.0,0.0
601006.SH,stock,2024-02-23,6.95,6.995,6.86,6.878,184798967.0,1423034219.0,0.0
601006.SH,stock,2024-02-26,6.887,6.896,6.717,6.815,190733056.0,1446227802.0,0.0
601006.SH,stock,2024-02-27,6.744,6.753,6.672,6.699,207876248.0,1552226050.0,0.0
601006.SH,stock,2024-02-28,6.681,6.708,6.654,6.663,183408304.0,1366179307.0,0.0
601006.SH,stock,2024-02-29,6.654,6.69,6.636,6.69,193023314.0,1432445247.0,0.0
601006.SH,stock,2024-03-01,6.663,6.699,6.654,6.672,168179968.0,1253445050.0,0.0
601006.SH,stock,2024-03-04,6.663,6.708,6.654,6.69,163452171.0,1218829174.0,0.0
601006.SH,stock,2024-03-05,6.681,6.762,6.672,6.762,183084448.0,1372276735.0,0.0
601006.SH,stock,2024-03-06,6.744,6.753,6.654,6.663,170345143.0,1271595232.0,0.0
601006.SH,stock,2024-03-07,6.663,6.681,6.636,6.654,113854511.0,844623712.0,0.0
601006.SH,stock,2024-03-08,6.654,6.681,6.627,6.672,125700215.0,932504162.0,0.0
601006.SH,stock,2024-03-11,6.654,6.681,6.609,6.627,124858219.0,923383056.0,0.0
601006.SH,stock,2024-03-12,6.618,6.618,6.52,6.52,165882605.0,1213346449.0,0.0
601006.SH,stock,2024-03-13,6.511,6.537,6.484,6.511,91697287.0,664954755.0,0.0
601006.SH,stock,2024-03-14,6.493,6.6,6.484,6.555,107214940.0,783439402.0,0.0
601006.SH,stock,2024-03-15,6.564,6.591,6.52,6.573,68581243.0,501000516.0,0.0
601006.SH,stock,2024-03-18,6.564,6.591,6.546,6.564,76502874.0,560023109.0,0.0
601006.SH,stock,2024-03-19,6.564,6.573,6.511,6.52,68046536.0,496189028.0,0.0
601006.SH,stock,2024-03-20,6.52,6.582,6.511,6.573,75283603.0,550698810.0,0.0
601006.SH,stock,2024-03-21,6.582,6.618,6.555,6.6,65060417.0,478104498.0,0.0
601006.SH,stock,2024-03-22,6.6,6.609,6.529,6.555,69151407.0,505935221.0,0.0
601006.SH,stock,2024-03-25,6.546,6.6,6.529,6.555,76107308.0,557900143.0,0.0
601006.SH,stock,2024-03-26,6.555,6.573,6.511,6.537,84086843.0,612201118.0,0.0
601006.SH,stock,2024-03-27,6.529,6.609,6.529,6.573,98713016.0,724644145.0,0.0
601006.SH,stock,2024-03-28,6.573,6.573,6.511,6.564,82902965.0,604907006.0,0.0
601006.SH,stock,2024-03-29,6.555,6.6,6.537,6.6,66689303.0,489446673.0,0.0
601006.SH,stock,2024-04-01,6.582,6.636,6.582,6.609,77291728.0,569673340.0,0.0
601006.SH,stock,2024-04-02,6.609,6.645,6.591,6.627,64266107.0,475043143.0,0.0
601006.SH,stock,2024-04-03,6.636,6.672,6.6,6.645,77463227.0,573657938.0,0.0
601006.SH,stock,2024-04-08,6.645,6.699,6.6,6.69,92340668.0,686813281.0,0.0
601006.SH,stock,2024-04-09,6.681,6.69,6.609,6.645,77226217.0,571445985.0,0.0
601006.SH,stock,2024-04-10,6.636,6.708,6.627,6.672,108988423.0,811916503.0,0.0
601006.SH,stock,2024-04-11,6.654,6.753,6.636,6.735,99958863.0,748844549.0,0.0
601006.SH,stock,2024-04-12,6.753,6.771,6.708,6.735,68150323.0,512625086.0,0.0
601006.SH,stock,2024-04-15,6.744,6.851,6.699,6.807,135578263.0,1025590163.0,0.0
601006.SH,stock,2024-04-16,6.807,6.824,6.717,6.717,140326996.0,1060494153.0,0.0
601006.SH,stock,2024-04-17,6.708,6.842,6.708,6.842,115372533.0,873074194.0,0.0
601006.SH,stock,2024-04-18,6.842,6.905,6.771,6.78,114583474.0,873371281.0,0.0
601006.SH,stock,2024-04-19,6.78,6.842,6.762,6.824,100442704.0,763249676.0,0.0
601006.SH,stock,2024-04-22,6.807,6.86,6.699,6.726,100961070.0,760439601.0,0.0
601006.SH,stock,2024-04-23,6.708,6.753,6.663,6.681,102357704.0,764835627.0,0.0
601006.SH,stock,2024-04-24,6.69,6.753,6.663,6.744,92023482.0,688291522.0,0.0
601006.SH,stock,2024-04-25,6.735,6.771,6.708,6.744,58181671.0,436870935.0,0.0
601006.SH,stock,2024-04-26,6.744,6.753,6.636,6.672,134846331.0,1002810245.0,0.0
601006.SH,stock,2024-04-29,6.502,6.52,6.277,6.304,425705445.0,3008565824.0,0.0
601006.SH,stock,2024-04-30,6.313,6.331,6.206,6.206,285323261.0,1990680718.0,0.0
601006.SH,stock,2024-05-06,6.233,6.259,6.206,6.224,207461064.0,1438640237.0,0.0
601006.SH,stock,2024-05-07,6.224,6.242,6.197,6.242,125349726.0,869209404.0,0.0
601006.SH,stock,2024-05-08,6.233,6.277,6.224,6.268,130411778.0,910067912.0,0.0
601006.SH,stock,2024-05-09,6.268,6.349,6.268,6.322,130310284.0,917993878.0,0.0
601006.SH,stock,2024-05-10,6.331,6.358,6.304,6.34,118529430.0,837277052.0,0.0
601006.SH,stock,2024-05-13,6.34,6.421,6.313,6.385,152415566.0,1084310462.0,0.0
601006.SH,stock,2024-05-14,6.385,6.403,6.358,6.376,85908043.0,610936395.0,0.0
601006.SH,stock,2024-05-15,6.358,6.385,6.349,6.349,68157493.0,484020395.0,0.0
601006.SH,stock,2024-05-16,6.349,6.367,6.331,6.349,77765227.0,550314189.0,0.0
601006.SH,stock,2024-05-17,6.349,6.367,6.34,6.367,62148299.0,440169382.0,0.0
601006.SH,stock,2024-05-20,6.367,6.385,6.34,6.349,81763205.0,579685794.0,0.0
601006.SH,stock,2024-05-21,6.349,6.376,6.349,6.358,76595732.0,543304871.0,0.0
601006.SH,stock,2024-05-22,6.367,6.394,6.358,6.376,83048142.0,590393665.0,0.0
601006.SH,stock,2024-05-23,6.367,6.376,6.322,6.331,85865656.0,607477827.0,0.0
601006.SH,stock,2024-05-24,6.331,6.367,6.322,6.349,59288602.0,419804738.0,0.0
601006.SH,stock,2024-05-27,6.349,6.394,6.349,6.385,88461048.0,628880559.0,0.0
601006.SH,stock,2024-05-28,6.376,6.394,6.358,6.367,46138683.0,327883972.0,0.0
601006.SH,stock,2024-05-29,6.358,6.376,6.349,6.358,50017332.0,354795963.0,0.0
601006.SH,stock,2024-05-30,6.358,6.376,6.331,6.34,65649429.0,464944904.0,0.0
601006.SH,stock,2024-05-31,6.349,6.358,6.34,6.34,63703360.0,450775354.0,0.0
601006.SH,stock,2024-06-03,6.34,6.349,6.304,6.322,65510708.0,461753206.0,0.0
601006.SH,stock,2024-06-04,6.322,6.358,6.304,6.349,56956034.0,402522122.0,0.0
601006.SH,stock,2024-06-05,6.349,6.403,6.34,6.367,90504959.0,644088237.0,0.0
601006.SH,stock,2024-06-06,6.367,6.403,6.367,6.385,79034646.0,562931522.0,0.0
601006.SH,stock,2024-06-07,6.394,6.493,6.385,6.484,128223174.0,922401568.0,0.0
601006.SH,stock,2024-06-11,6.484,6.511,6.403,6.403,116612463.0,836736749.0,0.0
601006.SH,stock,2024-06-12,6.403,6.502,6.385,6.493,86408133.0,622423433.0,0.0
601006.SH,stock,2024-06-13,6.484,6.511,6.448,6.466,56268557.0,406517851.0,0.0
601006.SH,stock,2024-06-14,6.457,6.502,6.43,6.43,92679680.0,668410368.0,0.0
601006.SH,stock,2024-06-17,6.43,6.448,6.331,6.358,117244150.0,833375957.0,0.0
601006.SH,stock,2024-06-18,6.358,6.394,6.349,6.385,77292913.0,548952875.0,0.0
601006.SH,stock,2024-06-19,6.376,6.412,6.367,6.367,45205404.0,321680005.0,0.0
601006.SH,stock,2024-06-20,6.376,6.385,6.331,6.367,55142423.0,390710187.0,0.0
601006.SH,stock,2024-06-21,6.367,6.376,6.331,6.358,53248145.0,377267361.0,0.0
601006.SH,stock,2024-06-24,6.349,6.358,6.313,6.322,66659324.0,470905640.0,0.0
601006.SH,stock,2024-06-25,6.331,6.349,6.295,6.313,70247336.0,495355210.0,0.0
601006.SH,stock,2024-06-26,6.313,6.34,6.304,6.331,47189452.0,332362917.0,0.0
601006.SH,stock,2024-06-27,6.322,6.421,6.322,6.367,102208833.0,726993701.0,0.0
601006.SH,stock,2024-06-28,6.376,6.43,6.367,6.421,76906099.0,549268879.0,0.0
601006.SH,stock,2024-07-01,6.421,6.475,6.412,6.457,90431156.0,650098764.0,0.0
601006.SH,stock,2024-07-02,6.448,6.511,6.439,6.493,89000676.0,644270250.0,0.0
601006.SH,stock,2024-07-03,6.466,6.502,6.421,6.493,105781284.0,762434483.0,0.0
601006.SH,stock,2024-07-04,6.493,6.564,6.493,6.502,96652811.0,704258532.0,0.0
601006.SH,stock,2024-07-05,6.502,6.537,6.448,6.475,64756848.0,467813295.0,0.0
601006.SH,stock,2024-07-08,6.457,6.502,6.448,6.457,53233627.0,384447686.0,0.0
601006.SH,stock,2024-07-09,6.475,6.475,6.403,6.439,69699892.0,500400194.0,0.0
601006.SH,stock,2024-07-10,6.439,6.448,6.367,6.403,84403939.0,602217963.0,0.0
601006.SH,stock,2024-07-11,6.443,6.518,6.395,6.405,117533536.0,798549097.0,0.0
601006.SH,stock,2024-07-12,6.405,6.433,6.376,6.395,75221644.0,508165670.0,0.0
601006.SH,stock,2024-07-15,6.395,6.452,6.357,6.433,55722157.0,376198043.0,0.0
601006.SH,stock,2024-07-16,6.424,6.537,6.424,6.528,76965734.0,528446132.0,0.0
601006.SH,stock,2024-07-17,6.528,6.556,6.49,6.547,63467578.0,437332695.0,0.0
601006.SH,stock,2024-07-18,6.547,6.575,6.49,6.556,51956685.0,358314590.0,0.0
601006.SH,stock,2024-07-19,6.547,6.623,6.528,6.594,79549085.0,551404628.0,0.0
601006.SH,stock,2024-07-22,6.594,6.651,6.566,6.613,77622084.0,541215560.0,0.0
601006.SH,stock,2024-07-23,6.613,6.661,6.594,6.594,68235325.0,477993603.0,0.0
601006.SH,stock,2024-07-24,6.604,6.651,6.566,6.632,73331567.0,512298934.0,0.0
601006.SH,stock,2024-07-25,6.642,6.642,6.556,6.623,76394588.0,532877246.0,0.0
601006.SH,stock,2024-07-26,6.623,6.642,6.537,6.585,67306370.0,466594814.0,0.0
601006.SH,stock,2024-07-29,6.585,6.651,6.566,6.642,56377587.0,394533052.0,0.0
601006.SH,stock,2024-07-30,6.651,6.699,6.623,6.68,75694678.0,533185379.0,0.0
601006.SH,stock,2024-07-31,6.689,6.727,6.575,6.604,111965313.0,782323831.0,0.0
601006.SH,stock,2024-08-01,6.604,6.717,6.575,6.689,99708113.0,702138571.0,0.0
601006.SH,stock,2024-08-02,6.661,6.708,6.613,6.613,57524029.0,403733722.0,0.0
601006.SH,stock,2024-08-05,6.604,6.632,6.556,6.566,77268652.0,537027824.0,0.0
601006.SH,stock,2024-08-06,6.575,6.604,6.49,6.537,81209198.0,559241399.0,0.0
601006.SH,stock,2024-08-07,6.528,6.585,6.518,6.528,46387287.0,320662216.0,0.0
601006.SH,stock,2024-08-08,6.537,6.575,6.518,6.566,40613713.0,280960104.0,0.0
601006.SH,stock,2024-08-09,6.556,6.566,6.49,6.5,50917975.0,350362918.0,0.0
601006.SH,stock,2024-08-12,6.462,6.509,6.424,6.5,49967317.0,341543735.0,0.0
601006.SH,stock,2024-08-13,6.5,6.537,6.462,6.5,36584784.0,250975026.0,0.0
601006.SH,stock,2024-08-14,6.49,6.509,6.462,6.471,33843939.0,231650023.0,0.0
601006.SH,stock,2024-08-15,6.462,6.537,6.452,6.518,49402344.0,339330041.0,0.0
601006.SH,stock,2024-08-16,6.518,6.547,6.5,6.509,39777553.0,273814095.0,0.0
601006.SH,stock,2024-08-19,6.509,6.556,6.5,6.547,47342853.0,326395239.0,0.0
601006.SH,stock,2024-08-20,6.556,6.556,6.481,6.518,41289154.0,283941484.0,0.0
601006.SH,stock,2024-08-21,6.509,6.518,6.433,6.443,56391635.0,384882104.0,0.0
601006.SH,stock,2024-08-22,6.443,6.481,6.433,6.433,47036409.0,320063803.0,0.0
601006.SH,stock,2024-08-23,6.433,6.481,6.395,6.462,51015449.0,346436622.0,0.0
601006.SH,stock,2024-08-26,6.452,6.462,6.395,6.414,53981384.0,365713764.0,0.0
601006.SH,stock,2024-08-27,6.414,6.433,6.329,6.348,63648239.0,427649942.0,0.0
601006.SH,stock,2024-08-28,6.348,6.348,6.263,6.301,63414098.0,421159937.0,0.0
601006.SH,stock,2024-08-29,6.253,6.253,5.798,5.827,284909059.0,1777669279.0,0.0
601006.SH,stock,2024-08-30,5.789,5.827,5.742,5.789,168355713.0,1029193119.0,0.0
601006.SH,stock,2024-09-02,5.779,5.855,5.761,5.789,124248347.0,761866055.0,0.0
601006.SH,stock,2024-09-03,5.798,5.817,5.751,5.798,87269064.0,531784470.0,0.0
601006.SH,stock,2024-09-04,5.779,5.827,5.77,5.779,71193796.0,435129478.0,0.0
601006.SH,stock,2024-09-05,5.779,5.855,5.77,5.846,74452680.0,456620216.0,0.0
601006.SH,stock,2024-09-06,5.836,5.931,5.827,5.827,64554014.0,400508808.0,0.0
601006.SH,stock,2024-09-09,5.827,5.836,5.732,5.751,63973042.0,389537149.0,0.0
601006.SH,stock,2024-09-10,5.751,5.77,5.637,5.704,84192633.0,505699545.0,0.0
601006.SH,stock,2024-09-11,5.685,5.685,5.533,5.571,98988485.0,582078911.0,0.0
601006.SH,stock,2024-09-12,5.571,5.675,5.552,5.637,63852071.0,378804108.0,0.0
601006.SH,stock,2024-09-13,5.637,5.694,5.599,5.609,45240457.0,269745897.0,0.0
601006.SH,stock,2024-09-18,5.609,5.685,5.581,5.675,52938822.0,314547863.0,0.0
601006.SH,stock,2024-09-19,5.675,5.694,5.647,5.675,54929300.0,328902591.0,0.0
601006.SH,stock,2024-09-20,5.675,5.742,5.647,5.704,69503301.0,417744709.0,0.0
601006.SH,stock,2024-09-23,5.694,5.808,5.694,5.789,55449845.0,337493011.0,0.0
601006.SH,stock,2024-09-24,5.817,5.922,5.798,5.922,100514669.0,621811020.0,0.0
601006.SH,stock,2024-09-25,5.959,6.158,5.95,6.045,141368659.0,906441276.0,0.0
601006.SH,stock,2024-09-26,6.045,6.14,6.007,6.14,95319524.0,610525029.0,0.0
601006.SH,stock,2024-09-27,6.225,6.263,6.073,6.168,132891481.0,862845790.0,0.0
601006.SH,stock,2024-09-30,6.291,6.518,6.225,6.5,329626188.0,2227964130.0,0.0
601006.SH,stock,2024-10-08,7.087,7.125,6.433,6.547,368085857.0,2599994326.0,0.0
601006.SH,stock,2024-10-09,6.471,6.471,6.215,6.234,208211777.0,1384784004.0,0.0
601006.SH,stock,2024-10-10,6.225,6.452,6.187,6.329,188200337.0,1256340815.0,0.0
601006.SH,stock,2024-10-11,6.348,6.395,6.263,6.282,111016978.0,740971883.0,0.0
601006.SH,stock,2024-10-14,6.291,6.386,6.282,6.338,104261103.0,698075615.0,0.0
601006.SH,stock,2024-10-15,6.31,6.338,6.282,6.291,103050347.0,685518991.0,0.0
601006.SH,stock,2024-10-16,6.272,6.395,6.244,6.386,107299192.0,718040964.0,0.0
601006.SH,stock,2024-10-17,6.386,6.414,6.31,6.348,83617388.0,560914353.0,0.0
601006.SH,stock,2024-10-18,6.348,6.433,6.272,6.395,105843041.0,710241913.0,0.0
601006.SH,stock,2024-10-21,6.405,6.414,6.32,6.367,106117720.0,711017321.0,0.0
601006.SH,stock,2024-10-22,6.357,6.424,6.338,6.414,96665033.0,652671611.0,0.0
601006.SH,stock,2024-10-23,6.414,6.481,6.395,6.443,91803780.0,624636180.0,0.0
601006.SH,stock,2024-10-24,6.471,6.5,6.355,6.394,97668907.0,650464607.0,0.0
601006.SH,stock,2024-10-25,6.365,6.413,6.316,6.355,87919808.0,579026977.0,0.0
601006.SH,stock,2024-10-28,6.355,6.365,6.278,6.297,111363158.0,726792350.0,0.0
601006.SH,stock,2024-10-29,6.297,6.345,6.268,6.287,78836681.0,514122632.0,0.0
601006.SH,stock,2024-10-30,6.258,6.297,6.201,6.258,98531221.0,636170559.0,0.0
601006.SH,stock,2024-10-31,6.249,6.307,6.162,6.287,98349832.0,635516879.0,0.0
601006.SH,stock,2024-11-01,6.278,6.355,6.239,6.355,95718686.0,626142890.0,0.0
601006.SH,stock,2024-11-04,6.355,6.413,6.297,6.403,78547445.0,518640553.0,0.0
601006.SH,stock,2024-11-05,6.403,6.432,6.374,6.423,82252195.0,545832595.0,0.0
601006.SH,stock,2024-11-06,6.413,6.442,6.384,6.403,72333183.0,480120591.0,0.0
601006.SH,stock,2024-11-07,6.374,6.481,6.355,6.481,98480761.0,656153319.0,0.0
601006.SH,stock,2024-11-08,6.49,6.587,6.432,6.519,113330428.0,762142151.0,0.0
601006.SH,stock,2024-11-11,6.481,6.51,6.394,6.461,70621445.0,470962507.0,0.0
601006.SH,stock,2024-11-12,6.442,6.51,6.413,6.423,77847129.0,521083188.0,0.0
601006.SH,stock,2024-11-13,6.423,6.529,6.403,6.519,99123018.0,666074861.0,0.0
601006.SH,stock,2024-11-14,6.519,6.577,6.481,6.5,79640226.0,538445343.0,0.0
601006.SH,stock,2024-11-15,6.49,6.616,6.471,6.568,120537792.0,818222612.0,0.0
601006.SH,stock,2024-11-18,6.606,6.751,6.568,6.587,160356619.0,1105897099.0,0.0
601006.SH,stock,2024-11-19,6.587,6.635,6.461,6.529,110173176.0,745452697.0,0.0
601006.SH,stock,2024-11-20,6.5,6.539,6.49,6.51,60774352.0,409584576.0,0.0
601006.SH,stock,2024-11-21,6.5,6.539,6.481,6.51,47682895.0,321298576.0,0.0
601006.SH,stock,2024-11-22,6.51,6.558,6.432,6.442,67594187.0,455732525.0,0.0
601006.SH,stock,2024-11-25,6.452,6.51,6.423,6.452,59810951.0,400118564.0,0.0
601006.SH,stock,2024-11-26,6.432,6.529,6.413,6.5,54515043.0,365829106.0,0.0
601006.SH,stock,2024-11-27,6.481,6.548,6.461,6.539,60277117.0,406371350.0,0.0
601006.SH,stock,2024-11-28,6.568,6.616,6.51,6.577,63598308.0,432814444.0,0.0
601006.SH,stock,2024-11-29,6.587,6.616,6.539,6.577,68419059.0,466594242.0,0.0
601006.SH,stock,2024-12-02,6.587,6.606,6.548,6.577,64116948.0,437044976.0,0.0
601006.SH,stock,2024-12-03,6.587,6.664,6.577,6.664,100645238.0,691353550.0,0.0
601006.SH,stock,2024-12-04,6.635,6.693,6.625,6.693,69964722.0,482819692.0,0.0
601006.SH,stock,2024-12-05,6.674,6.683,6.635,6.645,47981106.0,330946913.0,0.0
601006.SH,stock,2024-12-06,6.654,6.712,6.654,6.703,62011714.0,429794948.0,0.0
601006.SH,stock,2024-12-09,6.693,6.751,6.674,6.703,67158148.0,466677020.0,0.0
601006.SH,stock,2024-12-10,6.761,6.78,6.645,6.664,98020610.0,679213295.0,0.0
601006.SH,stock,2024-12-11,6.645,6.683,6.606,6.645,69527151.0,478339692.0,0.0
601006.SH,stock,2024-12-12,6.645,6.703,6.625,6.674,69664493.0,481382073.0,0.0
601006.SH,stock,2024-12-13,6.664,6.703,6.635,6.645,99593684.0,687685960.0,0.0
601006.SH,stock,2024-12-16,6.635,6.732,6.635,6.722,109527379.0,759265991.0,0.0
601006.SH,stock,2024-12-17,6.693,6.761,6.635,6.645,102391712.0,707998671.0,0.0
601006.SH,stock,2024-12-18,6.674,6.732,6.616,6.625,105667328.0,730342892.0,0.0
601006.SH,stock,2024-12-19,6.616,6.645,6.587,6.625,69561911.0,477100977.0,0.0
601006.SH,stock,2024-12-20,6.616,6.645,6.587,6.596,59065658.0,404292840.0,0.0
601006.SH,stock,2024-12-23,6.596,6.674,6.577,6.625,96637814.0,664508377.0,0.0
601006.SH,stock,2024-12-24,6.616,6.635,6.577,6.625,67676158.0,463301551.0,0.0
601006.SH,stock,2024-12-25,6.606,6.683,6.548,6.683,152257014.0,1045391174.0,0.0
601006.SH,stock,2024-12-26,6.635,6.654,6.51,6.529,153368031.0,1041173133.0,0.0
601006.SH,stock,2024-12-27,6.51,6.596,6.51,6.568,134162143.0,910375574.0,0.0
601006.SH,stock,2024-12-30,6.558,6.635,6.548,6.577,112504938.0,767691977.0,0.0
601006.SH,stock,2024-12-31,6.558,6.606,6.548,6.548,115828860.0,789298126.0,0.0
601006.SH,stock,2025-01-02,6.548,6.587,6.345,6.374,128094713.0,855720766.0,0.0
601006.SH,stock,2025-01-03,6.394,6.481,6.374,6.452,102360483.0,681702654.0,0.0
601006.SH,stock,2025-01-06,6.432,6.471,6.355,6.394,83857921.0,555398702.0,0.0
601006.SH,stock,2025-01-07,6.394,6.403,6.268,6.336,105254672.0,689675320.0,0.0
601006.SH,stock,2025-01-08,6.316,6.394,6.278,6.355,98261913.0,645405168.0,0.0
601006.SH,stock,2025-01-09,6.336,6.345,6.181,6.191,113276813.0,731939657.0,0.0
601006.SH,stock,2025-01-10,6.181,6.191,6.007,6.027,124813380.0,784682239.0,0.0
601006.SH,stock,2025-01-13,5.998,6.056,5.94,6.017,143800742.0,895081058.0,0.0
601006.SH,stock,2025-01-14,6.027,6.094,6.017,6.075,103428309.0,649580101.0,0.0
601006.SH,stock,2025-01-15,6.065,6.191,6.036,6.123,128376058.0,816951730.0,0.0
601006.SH,stock,2025-01-16,6.114,6.172,6.085,6.114,111496006.0,707171691.0,0.0
601006.SH,stock,2025-01-17,6.104,6.21,6.056,6.133,116934475.0,744129133.0,0.0
601006.SH,stock,2025-01-20,6.152,6.181,6.104,6.123,81506959.0,517252278.0,0.0
601006.SH,stock,2025-01-21,6.133,6.133,6.036,6.065,79330108.0,498652267.0,0.0
601006.SH,stock,2025-01-22,6.065,6.065,5.998,6.056,76736484.0,479286725.0,0.0
601006.SH,stock,2025-01-23,6.085,6.191,6.085,6.133,144699651.0,921707081.0,0.0
601006.SH,stock,2025-01-24,6.123,6.239,6.094,6.21,135016678.0,865242579.0,0.0
601006.SH,stock,2025-01-27,6.229,6.471,6.229,6.423,181453801.0,1200721033.0,0.0
601006.SH,stock,2025-02-05,6.394,6.423,6.258,6.268,103194158.0,677120768.0,0.0
601006.SH,stock,2025-02-06,6.297,6.336,6.239,6.316,86509261.0,563138115.0,0.0
601006.SH,stock,2025-02-07,6.316,6.394,6.268,6.374,87926276.0,576587292.0,0.0
601006.SH,stock,2025-02-10,6.336,6.432,6.326,6.355,84387613.0,557110922.0,0.0
601006.SH,stock,2025-02-11,6.345,6.481,6.336,6.432,100866889.0,671287990.0,0.0
601006.SH,stock,2025-02-12,6.452,6.461,6.403,6.432,54895130.0,365556516.0,0.0
601006.SH,stock,2025-02-13,6.432,6.529,6.403,6.481,87260141.0,585922712.0,0.0
601006.SH,stock,2025-02-14,6.49,6.568,6.442,6.558,102160413.0,690035207.0,0.0
601006.SH,stock,2025-02-17,6.539,6.635,6.5,6.625,110531381.0,754821538.0,0.0
601006.SH,stock,2025-02-18,6.625,6.741,6.596,6.616,138624963.0,957371874.0,0.0
601006.SH,stock,2025-02-19,6.625,6.645,6.529,6.625,87651883.0,596903955.0,0.0
601006.SH,stock,2025-02-20,6.616,6.625,6.519,6.577,74336861.0,505983596.0,0.0
601006.SH,stock,2025-02-21,6.596,6.616,6.51,6.529,79981831.0,541265139.0,0.0
601006.SH,stock,2025-02-24,6.519,6.548,6.432,6.442,70550584.0,473151752.0,0.0
601006.SH,stock,2025-02-25,6.461,6.568,6.384,6.423,69307343.0,463917282.0,0.0
601006.SH,stock,2025-02-26,6.432,6.51,6.423,6.5,60416387.0,404477863.0,0.0
601006.SH,stock,2025-02-27,6.519,6.568,6.51,6.529,60101400.0,407275584.0,0.0
601006.SH,stock,2025-02-28,6.519,6.558,6.471,6.471,52920297.0,357498364.0,0.0
601006.SH,stock,2025-03-03,6.5,6.539,6.432,6.471,54998230.0,368137295.0,0.0
601006.SH,stock,2025-03-04,6.442,6.481,6.413,6.413,47152083.0,314389393.0,0.0
601006.SH,stock,2025-03-05,6.432,6.452,6.384,6.394,50148626.0,332810423.0,0.0
601006.SH,stock,2025-03-06,6.403,6.413,6.326,6.326,75058705.0,493132216.0,0.0
601006.SH,stock,2025-03-07,6.345,6.355,6.278,6.287,62208357.0,405673198.0,0.0
601006.SH,stock,2025-03-10,6.278,6.316,6.258,6.297,66782274.0,434633194.0,0.0
601006.SH,stock,2025-03-11,6.278,6.326,6.268,6.326,46574849.0,303639318.0,0.0
601006.SH,stock,2025-03-12,6.326,6.326,6.249,6.258,66631664.0,432487717.0,0.0
601006.SH,stock,2025-03-13,6.249,6.297,6.249,6.268,50935710.0,330699896.0,0.0
601006.SH,stock,2025-03-14,6.258,6.297,6.258,6.297,66350924.0,431766422.0,0.0
601006.SH,stock,2025-03-17,6.307,6.326,6.258,6.258,83817727.0,544723415.0,0.0
601006.SH,stock,2025-03-18,6.268,6.278,6.229,6.229,56236361.0,363453112.0,0.0
601006.SH,stock,2025-03-19,6.229,6.258,6.22,6.249,55152065.0,356140420.0,0.0
601006.SH,stock,2025-03-20,6.258,6.278,6.191,6.191,87003448.0,560981938.0,0.0
601006.SH,stock,2025-03-21,6.201,6.249,6.181,6.239,103367200.0,665713057.0,0.0
601006.SH,stock,2025-03-24,6.239,6.258,6.181,6.22,75210057.0,484222988.0,0.0
601006.SH,stock,2025-03-25,6.21,6.316,6.191,6.307,100792776.0,654773777.0,0.0
601006.SH,stock,2025-03-26,6.307,6.336,6.287,6.297,52312353.0,342003684.0,0.0
601006.SH,stock,2025-03-27,6.297,6.374,6.297,6.365,71734754.0,471519599.0,0.0
601006.SH,stock,2025-03-28,6.365,6.394,6.316,6.336,41703198.0,273845633.0,0.0
601006.SH,stock,2025-03-31,6.336,6.355,6.239,6.316,65312486.0,426398412.0,0.0
601006.SH,stock,2025-04-01,6.297,6.365,6.287,6.345,56992249.0,373533240.0,0.0
601006.SH,stock,2025-04-02,6.336,6.365,6.287,6.355,57963031.0,379885836.0,0.0
601006.SH,stock,2025-04-03,6.336,6.413,6.316,6.403,70885818.0,468227582.0,0.0
601006.SH,stock,2025-04-07,6.278,6.326,6.085,6.249,183971840.0,1187358137.0,0.0
601006.SH,stock,2025-04-08,6.229,6.51,6.21,6.5,177186701.0,1169471289.0,0.0
601006.SH,stock,2025-04-09,6.5,6.529,6.345,6.529,118261142.0,789275848.0,0.0
601006.SH,stock,2025-04-10,6.519,6.519,6.336,6.452,137536250.0,911592161.0,0.0
601006.SH,stock,2025-04-11,6.432,6.452,6.365,6.423,67224443.0,446925916.0,0.0
601006.SH,stock,2025-04-14,6.394,6.413,6.355,6.374,52288852.0,345080328.0,0.0
601006.SH,stock,2025-04-15,6.374,6.51,6.345,6.452,91933475.0,613010527.0,0.0
601006.SH,stock,2025-04-16,6.452,6.577,6.432,6.577,118340420.0,799714548.0,0.0
601006.SH,stock,2025-04-17,6.568,6.616,6.51,6.616,73191213.0,498063438.0,0.0
601006.SH,stock,2025-04-18,6.606,6.606,6.51,6.539,44140881.0,298985703.0,0.0
601006.SH,stock,2025-04-21,6.539,6.577,6.51,6.519,43980172.0,297611424.0,0.0
601006.SH,stock,2025-04-22,6.519,6.568,6.519,6.529,44989646.0,304714102.0,0.0
601006.SH,stock,2025-04-23,6.539,6.548,6.481,6.529,47071326.0,317337128.0,0.0
601006.SH,stock,2025-04-24,6.529,6.606,6.529,6.568,59146408.0,402567658.0,0.0
601006.SH,stock,2025-04-25,6.568,6.596,6.481,6.49,47849134.0,322571068.0,0.0
601006.SH,stock,2025-04-28,6.49,6.596,6.49,6.539,54330001.0,368595539.0,0.0
601006.SH,stock,2025-04-29,6.539,6.568,6.51,6.539,34679828.0,234995601.0,0.0
601006.SH,stock,2025-04-30,6.345,6.345,6.22,6.268,150717355.0,980484093.0,0.0
601006.SH,stock,2025-05-06,6.278,6.365,6.249,6.355,93727199.0,612992173.0,0.0
601006.SH,stock,2025-05-07,6.403,6.413,6.307,6.403,88192745.0,580031387.0,0.0
601006.SH,stock,2025-05-08,6.374,6.452,6.345,6.413,49852675.0,331483365.0,0.0
601006.SH,stock,2025-05-09,6.403,6.471,6.384,6.432,52207873.0,347634918.0,0.0
601006.SH,stock,2025-05-12,6.423,6.442,6.355,6.403,54630920.0,361538306.0,0.0
601006.SH,stock,2025-05-13,6.423,6.5,6.384,6.5,70343214.0,470550654.0,0.0
601006.SH,stock,2025-05-14,6.49,6.5,6.452,6.49,44165105.0,296145166.0,0.0
601006.SH,stock,2025-05-15,6.481,6.539,6.461,6.481,47944409.0,322547812.0,0.0
601006.SH,stock,2025-05-16,6.461,6.481,6.384,6.452,61769231.0,410368644.0,0.0
601006.SH,stock,2025-05-19,6.432,6.481,6.423,6.442,44889472.0,300072560.0,0.0
601006.SH,stock,2025-05-20,6.442,6.471,6.394,6.423,36575967.0,243340282.0,0.0
601006.SH,stock,2025-05-21,6.432,6.461,6.413,6.423,47834101.0,318711336.0,0.0
601006.SH,stock,2025-05-22,6.413,6.471,6.384,6.471,49298312.0,328395927.0,0.0
601006.SH,stock,2025-05-23,6.442,6.519,6.403,6.403,53966590.0,360594765.0,0.0
601006.SH,stock,2025-05-26,6.403,6.442,6.384,6.394,41444419.0,274961911.0,0.0
601006.SH,stock,2025-05-27,6.403,6.481,6.384,6.461,53629904.0,358133495.0,0.0
601006.SH,stock,2025-05-28,6.442,6.51,6.442,6.49,37027557.0,248992910.0,0.0
601006.SH,stock,2025-05-29,6.5,6.548,6.471,6.529,59493716.0,401693597.0,0.0
601006.SH,stock,2025-05-30,6.529,6.568,6.5,6.519,62533833.0,423340927.0,0.0
601006.SH,stock,2025-06-03,6.558,6.606,6.461,6.481,71788168.0,484709569.0,0.0
601006.SH,stock,2025-06-04,6.481,6.5,6.423,6.423,59097456.0,393822824.0,0.0
601006.SH,stock,2025-06-05,6.442,6.452,6.423,6.423,36386367.0,242351172.0,0.0
601006.SH,stock,2025-06-06,6.442,6.568,6.423,6.519,82964567.0,559797421.0,0.0
601006.SH,stock,2025-06-09,6.539,6.568,6.481,6.529,44006817.0,296906940.0,0.0
601006.SH,stock,2025-06-10,6.548,6.548,6.481,6.481,38960997.0,262710196.0,0.0
601006.SH,stock,2025-06-11,6.5,6.5,6.452,6.452,60569426.0,405707764.0,0.0
601006.SH,stock,2025-06-12,6.452,6.471,6.413,6.413,63837980.0,425365794.0,0.0
601006.SH,stock,2025-06-13,6.413,6.452,6.384,6.384,195770797.0,1299207985.0,0.0
601006.SH,stock,2025-06-16,6.394,6.461,6.374,6.442,74745252.0,498067383.0,0.0
601006.SH,stock,2025-06-17,6.442,6.49,6.423,6.461,54647320.0,366044149.0,0.0
601006.SH,stock,2025-06-18,6.471,6.49,6.423,6.452,44687384.0,298856179.0,0.0
601006.SH,stock,2025-06-19,6.471,6.481,6.432,6.442,37169773.0,248504624.0,0.0
601006.SH,stock,2025-06-20,6.452,6.5,6.432,6.442,43861267.0,293540066.0,0.0
601006.SH,stock,2025-06-23,6.442,6.5,6.394,6.461,64532508.0,430606481.0,0.0
601006.SH,stock,2025-06-24,6.461,6.481,6.423,6.432,58107076.0,387886831.0,0.0
601006.SH,stock,2025-06-25,6.432,6.471,6.403,6.452,53945851.0,359768918.0,0.0
601006.SH,stock,2025-06-26,6.452,6.461,6.413,6.432,47285675.0,314855931.0,0.0
601006.SH,stock,2025-06-27,6.432,6.432,6.384,6.384,75522254.0,500666630.0,0.0
601006.SH,stock,2025-06-30,6.384,6.403,6.355,6.374,54372839.0,359518298.0,0.0
601006.SH,stock,2025-07-01,6.374,6.384,6.326,6.345,65253984.0,428618008.0,0.0
601006.SH,stock,2025-07-02,6.345,6.365,6.326,6.365,46760660.0,307424236.0,0.0
601006.SH,stock,2025-07-03,6.374,6.374,6.326,6.336,42840974.0,281402702.0,0.0
601006.SH,stock,2025-07-04,6.336,6.394,6.326,6.374,63561544.0,419423925.0,0.0
601006.SH,stock,2025-07-07,6.374,6.432,6.355,6.413,69548828.0,461471456.0,0.0
601006.SH,stock,2025-07-08,6.423,6.432,6.374,6.423,56040360.0,371413321.0,0.0
601006.SH,stock,2025-07-09,6.423,6.481,6.413,6.452,84775494.0,566293524.0,0.0
601006.SH,stock,2025-07-10,6.452,6.5,6.452,6.452,83255128.0,558392629.0,0.0
601006.SH,stock,2025-07-11,6.471,6.54,6.383,6.383,146751025.0,960452272.0,0.0
601006.SH,stock,2025-07-14,6.412,6.471,6.392,6.392,90576708.0,590351288.0,0.0
601006.SH,stock,2025-07-15,6.412,6.422,6.323,6.333,93341549.0,601229568.0,0.0
601006.SH,stock,2025-07-16,6.333,6.363,6.333,6.333,63016048.0,405234070.0,0.0
601006.SH,stock,2025-07-17,6.343,6.363,6.314,6.323,63125507.0,404997639.0,0.0
601006.SH,stock,2025-07-18,6.333,6.353,6.323,6.333,48836581.0,313635381.0,0.0
601006.SH,stock,2025-07-21,6.343,6.373,6.333,6.373,101354833.0,653375699.0,0.0
601006.SH,stock,2025-07-22,6.373,6.481,6.363,6.461,144029508.0,938705976.0,0.0
601006.SH,stock,2025-07-23,6.461,6.619,6.461,6.58,237989386.0,1581307785.0,0.0
601006.SH,stock,2025-07-24,6.58,6.688,6.55,6.688,145180089.0,976599140.0,0.0
601006.SH,stock,2025-07-25,6.679,6.728,6.629,6.639,135386105.0,916760147.0,0.0
601006.SH,stock,2025-07-28,6.649,6.669,6.54,6.54,90825713.0,607486652.0,0.0
601006.SH,stock,2025-07-29,6.56,6.59,6.521,6.531,71574875.0,474845388.0,0.0
601006.SH,stock,2025-07-30,6.55,6.609,6.531,6.58,81071964.0,540349856.0,0.0
601006.SH,stock,2025-07-31,6.58,6.58,6.432,6.452,124278081.0,816377818.0,0.0
601006.SH,stock,2025-08-01,6.452,6.481,6.412,6.422,58092415.0,379729273.0,0.0
601006.SH,stock,2025-08-04,6.412,6.432,6.392,6.412,52303162.0,339882812.0,0.0
601006.SH,stock,2025-08-05,6.422,6.461,6.412,6.452,42706368.0,278799894.0,0.0
601006.SH,stock,2025-08-06,6.452,6.461,6.422,6.432,44005314.0,286908671.0,0.0
601006.SH,stock,2025-08-07,6.442,6.452,6.412,6.442,44781269.0,292072988.0,0.0
601006.SH,stock,2025-08-08,6.432,6.471,6.432,6.461,39764564.0,260215790.0,0.0
601006.SH,stock,2025-08-11,6.461,6.481,6.422,6.422,71184874.0,464160351.0,0.0
601006.SH,stock,2025-08-12,6.422,6.442,6.392,6.392,72945825.0,474259903.0,0.0
601006.SH,stock,2025-08-13,6.402,6.412,6.363,6.363,98204437.0,635277167.0,0.0
601006.SH,stock,2025-08-14,6.373,6.392,6.353,6.353,62513386.0,403692214.0,0.0
601006.SH,stock,2025-08-15,6.353,6.363,6.323,6.323,96960401.0,622990631.0,0.0
601006.SH,stock,2025-08-18,6.333,6.343,6.314,6.314,104165736.0,668247129.0,0.0
601006.SH,stock,2025-08-19,6.323,6.333,6.314,6.323,72920528.0,467217342.0,0.0
601006.SH,stock,2025-08-20,6.323,6.353,6.294,6.353,79862513.0,511516737.0,0.0
601006.SH,stock,2025-08-21,6.353,6.383,6.343,6.363,82062717.0,529109610.0,0.0
601006.SH,stock,2025-08-22,6.373,6.383,6.333,6.373,76972456.0,495809424.0,0.0
601006.SH,stock,2025-08-25,6.363,6.392,6.363,6.392,79233301.0,512587371.0,0.0
601006.SH,stock,2025-08-26,6.392,6.402,6.363,6.373,56759975.0,367027770.0,0.0
601006.SH,stock,2025-08-27,6.373,6.383,6.314,6.314,87263965.0,560675703.0,0.0
601006.SH,stock,2025-08-28,6.314,6.343,6.294,6.343,77754625.0,497579535.0,0.0
601006.SH,stock,2025-08-29,6.304,6.304,6.205,6.225,199337289.0,1262980465.0,0.0
601006.SH,stock,2025-09-01,6.205,6.215,6.047,6.087,215902053.0,1340500503.0,0.0
601006.SH,stock,2025-09-02,6.087,6.106,6.057,6.087,105623820.0,650891677.0,0.0
601006.SH,stock,2025-09-03,6.096,6.096,6.027,6.057,79052327.0,484577413.0,0.0
601006.SH,stock,2025-09-04,6.047,6.067,5.998,6.067,85390193.0,521447758.0,0.0
601006.SH,stock,2025-09-05,6.067,6.067,6.008,6.037,79935640.0,488120478.0,0.0
601006.SH,stock,2025-09-08,6.027,6.057,6.018,6.027,67377600.0,412554332.0,0.0
601006.SH,stock,2025-09-09,6.047,6.047,6.018,6.027,49483582.0,302398730.0,0.0
601006.SH,stock,2025-09-10,6.027,6.037,5.998,6.008,51163480.0,311587183.0,0.0
601006.SH,stock,2025-09-11,6.008,6.027,5.998,6.027,79814862.0,486407959.0,0.0
601006.SH,stock,2025-09-12,6.027,6.047,6.008,6.018,61149230.0,373490373.0,0.0
601006.SH,stock,2025-09-15,6.018,6.027,5.998,6.018,46355103.0,282336996.0,0.0
601006.SH,stock,2025-09-16,6.018,6.037,6.008,6.037,51315990.0,313219191.0,0.0
601006.SH,stock,2025-09-17,6.027,6.077,6.008,6.057,65119368.0,399188996.0,0.0
601006.SH,stock,2025-09-18,6.057,6.067,5.949,5.958,142076270.0,863395141.0,0.0
601006.SH,stock,2025-09-19,5.958,5.978,5.949,5.958,65441540.0,395519952.0,0.0
601006.SH,stock,2025-09-22,5.958,5.978,5.949,5.958,51780684.0,312968433.0,0.0
601006.SH,stock,2025-09-23,5.968,5.988,5.929,5.968,72888007.0,440268976.0,0.0
601006.SH,stock,2025-09-24,5.978,6.008,5.949,5.998,53218770.0,322890207.0,0.0
601006.SH,stock,2025-09-25,5.988,5.988,5.929,5.939,59935455.0,361170608.0,0.0
601006.SH,stock,2025-09-26,5.939,5.978,5.919,5.958,60415470.0,364265176.0,0.0
601006.SH,stock,2025-09-29,5.958,5.968,5.87,5.889,148213959.0,888128156.0,0.0
601006.SH,stock,2025-09-30,5.889,5.889,5.771,5.81,156737313.0,925385126.0,0.0
601006.SH,stock,2025-10-09,5.801,5.82,5.751,5.761,136362070.0,797664096.0,0.0
601006.SH,stock,2025-10-10,5.751,5.83,5.741,5.781,162033773.0,948704591.0,0.0
601006.SH,stock,2025-10-13,5.741,5.781,5.712,5.761,88021544.0,512536393.0,0.0
601006.SH,stock,2025-10-14,5.761,5.85,5.751,5.84,132497498.0,780439368.0,0.0
601006.SH,stock,2025-10-15,5.84,5.85,5.791,5.82,90948942.0,536226131.0,0.0
601006.SH,stock,2025-10-16,5.81,5.84,5.801,5.82,80512348.0,475033944.0,0.0
601006.SH,stock,2025-10-17,5.82,5.87,5.81,5.82,105496420.0,625127758.0,0.0
601006.SH,stock,2025-10-20,5.82,5.87,5.771,5.85,93035545.0,548884794.0,0.0
601006.SH,stock,2025-10-21,5.85,5.87,5.791,5.801,135714680.0,801461552.0,0.0
601006.SH,stock,2025-10-22,5.81,5.83,5.791,5.791,82590980.0,486154073.0,0.0
601006.SH,stock,2025-10-23,5.801,5.86,5.801,5.84,101807987.0,601890625.0,0.0
601006.SH,stock,2025-10-24,5.87,5.87,5.81,5.83,129682373.0,756254493.0,0.0
601006.SH,stock,2025-10-27,5.83,5.84,5.81,5.82,134327740.0,782581366.0,0.0
601006.SH,stock,2025-10-28,5.82,5.83,5.79,5.79,88810607.0,515301993.0,0.0
601006.SH,stock,2025-10-29,5.8,5.8,5.75,5.77,96110296.0,554225570.0,0.0
601006.SH,stock,2025-10-30,5.76,5.78,5.74,5.75,113476286.0,653438249.0,0.0
601006.SH,stock,2025-10-31,5.76,5.76,5.72,5.73,105145295.0,602586178.0,0.0
601006.SH,stock,2025-11-03,5.73,5.77,5.72,5.76,74267653.0,426637194.0,0.0
601006.SH,stock,2025-11-04,5.76,5.78,5.74,5.75,93152550.0,537003002.0,0.0
601006.SH,stock,2025-11-05,5.75,5.76,5.71,5.74,90755426.0,520008666.0,0.0
601006.SH,stock,2025-11-06,5.74,5.76,5.73,5.74,87265606.0,500949711.0,0.0
601006.SH,stock,2025-11-07,5.74,5.78,5.73,5.74,137031267.0,787843325.0,0.0
601006.SH,stock,2025-11-10,5.75,5.78,5.73,5.74,293670381.0,1687306958.0,0.0
601006.SH,stock,2025-11-11,5.74,5.75,5.72,5.73,117690732.0,674401777.0,0.0
601006.SH,stock,2025-11-12,5.73,5.75,5.72,5.72,130002112.0,744960066.0,0.0
601006.SH,stock,2025-11-13,5.72,5.73,5.7,5.72,120107968.0,686483302.0,0.0
601006.SH,stock,2025-11-14,5.71,5.73,5.71,5.71,80403110.0,459803855.0,0.0
601006.SH,stock,2025-11-17,5.71,5.72,5.68,5.69,100731326.0,573370544.0,0.0
601006.SH,stock,2025-11-18,5.69,5.69,5.65,5.65,82288306.0,466647650.0,0.0
601006.SH,stock,2025-11-19,5.65,5.67,5.6,5.6,117945180.0,663367964.0,0.0
601006.SH,stock,2025-11-20,5.6,5.67,5.6,5.63,109504230.0,617619740.0,0.0
601006.SH,stock,2025-11-21,5.62,5.64,5.57,5.57,132901090.0,744517997.0,0.0
601006.SH,stock,2025-11-24,5.58,5.59,5.53,5.54,106488038.0,590528183.0,0.0
601006.SH,stock,2025-11-25,5.54,5.56,5.53,5.54,52272438.0,289828441.0,0.0
601006.SH,stock,2025-11-26,5.55,5.58,5.53,5.54,78205201.0,433895330.0,0.0
601006.SH,stock,2025-11-27,5.54,5.54,5.51,5.51,71765377.0,395989865.0,0.0
601006.SH,stock,2025-11-28,5.51,5.51,5.47,5.48,100094164.0,549060332.0,0.0
601006.SH,stock,2025-12-01,5.47,5.53,5.46,5.53,97674895.0,536715807.0,0.0
601006.SH,stock,2025-12-02,5.53,5.53,5.49,5.51,77164114.0,425095376.0,0.0
601006.SH,stock,2025-12-03,5.51,5.59,5.5,5.58,118883158.0,660253191.0,0.0
601006.SH,stock,2025-12-04,5.58,5.61,5.56,5.58,72272760.0,403425207.0,0.0
601006.SH,stock,2025-12-05,5.57,5.58,5.52,5.56,77156154.0,428368273.0,0.0
601006.SH,stock,2025-12-08,5.56,5.58,5.5,5.52,87126642.0,482096476.0,0.0
601006.SH,stock,2025-12-09,5.51,5.52,5.46,5.47,91211062.0,499928817.0,0.0
601006.SH,stock,2025-12-10,5.47,5.47,5.44,5.47,66401729.0,362343759.0,0.0
601006.SH,stock,2025-12-11,5.47,5.47,5.43,5.44,82365127.0,448890966.0,0.0
601006.SH,stock,2025-12-12,5.44,5.44,5.4,5.44,177783505.0,962393697.0,0.0
601006.SH,stock,2025-12-15,5.42,5.44,5.4,5.42,86178967.0,466965562.0,0.0
601006.SH,stock,2025-12-16,5.42,5.47,5.42,5.43,95565708.0,520146094.0,0.0
601006.SH,stock,2025-12-17,5.44,5.44,5.36,5.4,122313475.0,658380337.0,0.0
601006.SH,stock,2025-12-18,5.39,5.42,5.37,5.41,90730328.0,489393163.0,0.0
601006.SH,stock,2025-12-19,5.4,5.41,5.39,5.39,88541444.0,478086990.0,0.0
601006.SH,stock,2025-12-22,5.39,5.4,5.35,5.36,127392732.0,684346593.0,0.0
601006.SH,stock,2025-12-23,5.36,5.36,5.3,5.31,112835027.0,600542089.0,0.0
601006.SH,stock,2025-12-24,5.3,5.31,5.26,5.29,105397911.0,556782370.0,0.0
601006.SH,stock,2025-12-25,5.29,5.33,5.29,5.32,84349307.0,448119847.0,0.0
601006.SH,stock,2025-12-26,5.31,5.33,5.27,5.28,104660541.0,554033795.0,0.0
601006.SH,stock,2025-12-29,5.28,5.29,5.25,5.25,88686640.0,467070877.0,0.0
601006.SH,stock,2025-12-30,5.25,5.25,5.18,5.18,133790635.0,696174102.0,0.0
601006.SH,stock,2025-12-31,5.17,5.18,5.16,5.16,93691599.0,484254339.0,0.0
